scenario,flag,severity,explanation
base_hit_everyone_happy,LP_HURDLE_NOT_ACHIEVED,high,LP did not reach the target cash MOIC within the model horizon.
base_hit_everyone_happy,HURDLE_REACHED_BUT_LIQUIDITY_CONSTRAINED,high,Economic hurdle passed before available liquidity could redeem LPs.
base_hit_everyone_happy,SLOW_TIME_HORIZON_DRIFT,medium,LP outcome takes a long time or does not arrive within the horizon.
base_hit_everyone_happy,GP_SURVIVABILITY_RISK,medium,GP fee income in the early years is below the configured threshold.
base_hit_everyone_happy,LP_STILL_BELOW_1X_CASH_MOIC_AT_END,medium,LP cash distributions remain below 1.0x at model end.
base_hit_everyone_happy,LP_EXPERIENCE_WEAK_DESPITE_POSITIVE_NAV,medium,Fund NAV is positive but LP cash recovery remains below 1.0x.
fast_success_crypto_bull,LP_HURDLE_NOT_ACHIEVED,high,LP did not reach the target cash MOIC within the model horizon.
fast_success_crypto_bull,HURDLE_REACHED_BUT_LIQUIDITY_CONSTRAINED,high,Economic hurdle passed before available liquidity could redeem LPs.
fast_success_crypto_bull,SLOW_TIME_HORIZON_DRIFT,medium,LP outcome takes a long time or does not arrive within the horizon.
fast_success_crypto_bull,GP_SURVIVABILITY_RISK,medium,GP fee income in the early years is below the configured threshold.
fast_success_crypto_bull,LP_STILL_BELOW_1X_CASH_MOIC_AT_END,medium,LP cash distributions remain below 1.0x at model end.
fast_success_crypto_bull,LP_EXPERIENCE_WEAK_DESPITE_POSITIVE_NAV,medium,Fund NAV is positive but LP cash recovery remains below 1.0x.
slow_grind,LP_HURDLE_NOT_ACHIEVED,high,LP did not reach the target cash MOIC within the model horizon.
slow_grind,HURDLE_REACHED_BUT_LIQUIDITY_CONSTRAINED,high,Economic hurdle passed before available liquidity could redeem LPs.
slow_grind,SLOW_TIME_HORIZON_DRIFT,medium,LP outcome takes a long time or does not arrive within the horizon.
slow_grind,GP_SURVIVABILITY_RISK,medium,GP fee income in the early years is below the configured threshold.
slow_grind,LP_STILL_BELOW_1X_CASH_MOIC_AT_END,medium,LP cash distributions remain below 1.0x at model end.
slow_grind,LP_EXPERIENCE_WEAK_DESPITE_POSITIVE_NAV,medium,Fund NAV is positive but LP cash recovery remains below 1.0x.
hedge_fund_failure_re_survival,LP_HURDLE_NOT_ACHIEVED,high,LP did not reach the target cash MOIC within the model horizon.
hedge_fund_failure_re_survival,HURDLE_REACHED_BUT_LIQUIDITY_CONSTRAINED,high,Economic hurdle passed before available liquidity could redeem LPs.
hedge_fund_failure_re_survival,SLOW_TIME_HORIZON_DRIFT,medium,LP outcome takes a long time or does not arrive within the horizon.
hedge_fund_failure_re_survival,GP_SURVIVABILITY_RISK,medium,GP fee income in the early years is below the configured threshold.
hedge_fund_failure_re_survival,LP_STILL_BELOW_1X_CASH_MOIC_AT_END,medium,LP cash distributions remain below 1.0x at model end.
hedge_fund_failure_re_survival,LP_EXPERIENCE_WEAK_DESPITE_POSITIVE_NAV,medium,Fund NAV is positive but LP cash recovery remains below 1.0x.
real_estate_distress_crypto_success,LP_HURDLE_NOT_ACHIEVED,high,LP did not reach the target cash MOIC within the model horizon.
real_estate_distress_crypto_success,HURDLE_REACHED_BUT_LIQUIDITY_CONSTRAINED,high,Economic hurdle passed before available liquidity could redeem LPs.
real_estate_distress_crypto_success,SLOW_TIME_HORIZON_DRIFT,medium,LP outcome takes a long time or does not arrive within the horizon.
real_estate_distress_crypto_success,GP_SURVIVABILITY_RISK,medium,GP fee income in the early years is below the configured threshold.
real_estate_distress_crypto_success,RE_NAV_IMPAIRMENT,medium,Real estate NAV fell by more than the configured impairment threshold.
real_estate_distress_crypto_success,LP_STILL_BELOW_1X_CASH_MOIC_AT_END,medium,LP cash distributions remain below 1.0x at model end.
real_estate_distress_crypto_success,LP_EXPERIENCE_WEAK_DESPITE_POSITIVE_NAV,medium,Fund NAV is positive but LP cash recovery remains below 1.0x.
exceptional_dynasty_outcome,LP_HURDLE_ACHIEVED,info,LP reached 2.00x in year 10.
exceptional_dynasty_outcome,HURDLE_REACHED_BUT_LIQUIDITY_CONSTRAINED,high,Economic hurdle passed before available liquidity could redeem LPs.
exceptional_dynasty_outcome,SLOW_TIME_HORIZON_DRIFT,medium,LP outcome takes a long time or does not arrive within the horizon.
exceptional_dynasty_outcome,GP_SURVIVABILITY_RISK,medium,GP fee income in the early years is below the configured threshold.
exceptional_dynasty_outcome,HURDLE_COMPLETION_TRIGGER_EXECUTED,info,Active hurdle completion trigger monetized permitted sources to extinguish LPs.
exceptional_dynasty_outcome,LP_REDEEMED_VIA_HF_LIQUIDATION,medium,LP hurdle completion used partial hedge fund liquidation.
exceptional_dynasty_outcome,LP_REDEEMED_VIA_REFI,medium,LP hurdle completion used refinance proceeds.
liquidity_trap,LP_HURDLE_NOT_ACHIEVED,high,LP did not reach the target cash MOIC within the model horizon.
liquidity_trap,HURDLE_REACHED_BUT_LIQUIDITY_CONSTRAINED,high,Economic hurdle passed before available liquidity could redeem LPs.
liquidity_trap,SLOW_TIME_HORIZON_DRIFT,medium,LP outcome takes a long time or does not arrive within the horizon.
liquidity_trap,GP_SURVIVABILITY_RISK,medium,GP fee income in the early years is below the configured threshold.
liquidity_trap,LP_STILL_BELOW_1X_CASH_MOIC_AT_END,medium,LP cash distributions remain below 1.0x at model end.
liquidity_trap,LP_EXPERIENCE_WEAK_DESPITE_POSITIVE_NAV,medium,Fund NAV is positive but LP cash recovery remains below 1.0x.
failure_never_reaches_hurdle,LP_HURDLE_NOT_ACHIEVED,high,LP did not reach the target cash MOIC within the model horizon.
failure_never_reaches_hurdle,SLOW_TIME_HORIZON_DRIFT,medium,LP outcome takes a long time or does not arrive within the horizon.
failure_never_reaches_hurdle,GP_SURVIVABILITY_RISK,medium,GP fee income in the early years is below the configured threshold.
failure_never_reaches_hurdle,LP_STILL_BELOW_1X_CASH_MOIC_AT_END,medium,LP cash distributions remain below 1.0x at model end.
failure_never_reaches_hurdle,LP_EXPERIENCE_WEAK_DESPITE_POSITIVE_NAV,medium,Fund NAV is positive but LP cash recovery remains below 1.0x.
oak_cliff_base_no_refi,LP_HURDLE_NOT_ACHIEVED,high,LP did not reach the target cash MOIC within the model horizon.
oak_cliff_base_no_refi,SLOW_TIME_HORIZON_DRIFT,medium,LP outcome takes a long time or does not arrive within the horizon.
oak_cliff_base_no_refi,GP_SURVIVABILITY_RISK,medium,GP fee income in the early years is below the configured threshold.
oak_cliff_base_no_refi,LP_STILL_BELOW_1X_CASH_MOIC_AT_END,medium,LP cash distributions remain below 1.0x at model end.
oak_cliff_base_no_refi,LP_EXPERIENCE_WEAK_DESPITE_POSITIVE_NAV,medium,Fund NAV is positive but LP cash recovery remains below 1.0x.
oak_cliff_base_year4_refi,LP_HURDLE_NOT_ACHIEVED,high,LP did not reach the target cash MOIC within the model horizon.
oak_cliff_base_year4_refi,SLOW_TIME_HORIZON_DRIFT,medium,LP outcome takes a long time or does not arrive within the horizon.
oak_cliff_base_year4_refi,GP_SURVIVABILITY_RISK,medium,GP fee income in the early years is below the configured threshold.
oak_cliff_base_year4_refi,REFINANCE_EVENT_OCCURRED,info,One or more configured refinance events generated proceeds.
oak_cliff_base_year4_refi,LP_STILL_BELOW_1X_CASH_MOIC_AT_END,medium,LP cash distributions remain below 1.0x at model end.
oak_cliff_base_year4_refi,LP_EXPERIENCE_WEAK_DESPITE_POSITIVE_NAV,medium,Fund NAV is positive but LP cash recovery remains below 1.0x.
oak_cliff_year4_refi_to_lp,LP_HURDLE_NOT_ACHIEVED,high,LP did not reach the target cash MOIC within the model horizon.
oak_cliff_year4_refi_to_lp,SLOW_TIME_HORIZON_DRIFT,medium,LP outcome takes a long time or does not arrive within the horizon.
oak_cliff_year4_refi_to_lp,GP_SURVIVABILITY_RISK,medium,GP fee income in the early years is below the configured threshold.
oak_cliff_year4_refi_to_lp,REFINANCE_EVENT_OCCURRED,info,One or more configured refinance events generated proceeds.
oak_cliff_year4_refi_to_lp,LP_STILL_BELOW_1X_CASH_MOIC_AT_END,medium,LP cash distributions remain below 1.0x at model end.
oak_cliff_year4_refi_to_lp,LP_EXPERIENCE_WEAK_DESPITE_POSITIVE_NAV,medium,Fund NAV is positive but LP cash recovery remains below 1.0x.
oak_cliff_6m_year5_sale_to_lp,LP_HURDLE_NOT_ACHIEVED,high,LP did not reach the target cash MOIC within the model horizon.
oak_cliff_6m_year5_sale_to_lp,HURDLE_REACHED_BUT_LIQUIDITY_CONSTRAINED,high,Economic hurdle passed before available liquidity could redeem LPs.
oak_cliff_6m_year5_sale_to_lp,SLOW_TIME_HORIZON_DRIFT,medium,LP outcome takes a long time or does not arrive within the horizon.
oak_cliff_6m_year5_sale_to_lp,GP_SURVIVABILITY_RISK,medium,GP fee income in the early years is below the configured threshold.
oak_cliff_6m_year5_sale_to_lp,HURDLE_TRIGGER_ATTEMPTED_BUT_INSUFFICIENT,high,"Active hurdle completion trigger was eligible, but permitted funding sources were insufficient."
oak_cliff_6m_year5_sale_to_lp,REFINANCE_EVENT_OCCURRED,info,One or more configured refinance events generated proceeds.
oak_cliff_6m_year5_sale_plus_refi_to_lp,LP_HURDLE_NOT_ACHIEVED,high,LP did not reach the target cash MOIC within the model horizon.
oak_cliff_6m_year5_sale_plus_refi_to_lp,HURDLE_REACHED_BUT_LIQUIDITY_CONSTRAINED,high,Economic hurdle passed before available liquidity could redeem LPs.
oak_cliff_6m_year5_sale_plus_refi_to_lp,SLOW_TIME_HORIZON_DRIFT,medium,LP outcome takes a long time or does not arrive within the horizon.
oak_cliff_6m_year5_sale_plus_refi_to_lp,GP_SURVIVABILITY_RISK,medium,GP fee income in the early years is below the configured threshold.
oak_cliff_6m_year5_sale_plus_refi_to_lp,HURDLE_TRIGGER_ATTEMPTED_BUT_INSUFFICIENT,high,"Active hurdle completion trigger was eligible, but permitted funding sources were insufficient."
oak_cliff_6m_year5_sale_plus_refi_to_lp,REFINANCE_EVENT_OCCURRED,info,One or more configured refinance events generated proceeds.
oak_cliff_6m_year5_sale_hf25_backend_liquidation,LP_HURDLE_ACHIEVED,info,LP reached 2.00x in year 7.
oak_cliff_6m_year5_sale_hf25_backend_liquidation,HURDLE_REACHED_BUT_LIQUIDITY_CONSTRAINED,high,Economic hurdle passed before available liquidity could redeem LPs.
oak_cliff_6m_year5_sale_hf25_backend_liquidation,GP_SURVIVABILITY_RISK,medium,GP fee income in the early years is below the configured threshold.
oak_cliff_6m_year5_sale_hf25_backend_liquidation,HURDLE_COMPLETION_TRIGGER_EXECUTED,info,Active hurdle completion trigger monetized permitted sources to extinguish LPs.
oak_cliff_6m_year5_sale_hf25_backend_liquidation,LP_REDEEMED_VIA_HF_LIQUIDATION,medium,LP hurdle completion used partial hedge fund liquidation.
oak_cliff_6m_year5_sale_hf25_backend_liquidation,REFINANCE_EVENT_OCCURRED,info,One or more configured refinance events generated proceeds.
oak_cliff_6m_year5_sale_hf25_backend_liquidation,REFI_DEPENDENT_LP_OUTCOME,medium,LP hurdle achievement depended on refinance proceeds distributed to LPs.
oak_cliff_6m_year5_sale_hf25_backend_liquidation_y6,LP_HURDLE_NOT_ACHIEVED,high,LP did not reach the target cash MOIC within the model horizon.
oak_cliff_6m_year5_sale_hf25_backend_liquidation_y6,HURDLE_REACHED_BUT_LIQUIDITY_CONSTRAINED,high,Economic hurdle passed before available liquidity could redeem LPs.
oak_cliff_6m_year5_sale_hf25_backend_liquidation_y6,SLOW_TIME_HORIZON_DRIFT,medium,LP outcome takes a long time or does not arrive within the horizon.
oak_cliff_6m_year5_sale_hf25_backend_liquidation_y6,GP_SURVIVABILITY_RISK,medium,GP fee income in the early years is below the configured threshold.
oak_cliff_6m_year5_sale_hf25_backend_liquidation_y6,HURDLE_TRIGGER_ATTEMPTED_BUT_INSUFFICIENT,high,"Active hurdle completion trigger was eligible, but permitted funding sources were insufficient."
oak_cliff_6m_year5_sale_hf25_backend_liquidation_y6,REFINANCE_EVENT_OCCURRED,info,One or more configured refinance events generated proceeds.
oak_cliff_6m_year5_sale_hf25_backend_liquidation_y5,LP_HURDLE_NOT_ACHIEVED,high,LP did not reach the target cash MOIC within the model horizon.
oak_cliff_6m_year5_sale_hf25_backend_liquidation_y5,HURDLE_REACHED_BUT_LIQUIDITY_CONSTRAINED,high,Economic hurdle passed before available liquidity could redeem LPs.
oak_cliff_6m_year5_sale_hf25_backend_liquidation_y5,SLOW_TIME_HORIZON_DRIFT,medium,LP outcome takes a long time or does not arrive within the horizon.
oak_cliff_6m_year5_sale_hf25_backend_liquidation_y5,GP_SURVIVABILITY_RISK,medium,GP fee income in the early years is below the configured threshold.
oak_cliff_6m_year5_sale_hf25_backend_liquidation_y5,REFINANCE_EVENT_OCCURRED,info,One or more configured refinance events generated proceeds.
oak_cliff_6m_year5_sale_hf25_backend_liquidation_100pct,LP_HURDLE_ACHIEVED,info,LP reached 2.00x in year 7.
oak_cliff_6m_year5_sale_hf25_backend_liquidation_100pct,HURDLE_REACHED_BUT_LIQUIDITY_CONSTRAINED,high,Economic hurdle passed before available liquidity could redeem LPs.
oak_cliff_6m_year5_sale_hf25_backend_liquidation_100pct,GP_SURVIVABILITY_RISK,medium,GP fee income in the early years is below the configured threshold.
oak_cliff_6m_year5_sale_hf25_backend_liquidation_100pct,HURDLE_COMPLETION_TRIGGER_EXECUTED,info,Active hurdle completion trigger monetized permitted sources to extinguish LPs.
oak_cliff_6m_year5_sale_hf25_backend_liquidation_100pct,LP_REDEEMED_VIA_HF_LIQUIDATION,medium,LP hurdle completion used partial hedge fund liquidation.
oak_cliff_6m_year5_sale_hf25_backend_liquidation_100pct,REFINANCE_EVENT_OCCURRED,info,One or more configured refinance events generated proceeds.
oak_cliff_6m_year5_sale_hf25_backend_liquidation_100pct,REFI_DEPENDENT_LP_OUTCOME,medium,LP hurdle achievement depended on refinance proceeds distributed to LPs.
oak_cliff_downside_no_refi,LP_HURDLE_NOT_ACHIEVED,high,LP did not reach the target cash MOIC within the model horizon.
oak_cliff_downside_no_refi,SLOW_TIME_HORIZON_DRIFT,medium,LP outcome takes a long time or does not arrive within the horizon.
oak_cliff_downside_no_refi,GP_SURVIVABILITY_RISK,medium,GP fee income in the early years is below the configured threshold.
oak_cliff_downside_no_refi,LONG_ZERO_DISTRIBUTION_PERIOD,medium,LP experienced a long streak of zero-distribution years.
oak_cliff_downside_no_refi,LP_STILL_BELOW_1X_CASH_MOIC_AT_END,medium,LP cash distributions remain below 1.0x at model end.
oak_cliff_downside_no_refi,LP_EXPERIENCE_WEAK_DESPITE_POSITIVE_NAV,medium,Fund NAV is positive but LP cash recovery remains below 1.0x.
