scenario,year,real_estate_mode,re_opening_nav,re_gross_asset_value,re_debt_balance,re_assumed_liabilities,re_net_equity_value,re_noi_yield,re_noi,gross_rent,re_debt_service,re_capex,re_dscr,re_prior_refi_liability,re_ending_refi_liability,re_max_debt_supported,re_cash_out_before_refi_costs,re_refi_costs,re_refi_capacity,re_refi_proceeds_from_deals,re_free_cashflow_after_debt_and_capex,re_cashflow_shortfall,active_deal_count,acquisition_starting_retained_cash,acquisition_starting_reserve,acquisition_new_deal_equity_required,acquisition_funded_from_initial_lp_capital,acquisition_funded_from_retained_cash,acquisition_funded_from_reserve,acquisition_unfunded_shortfall,acquisition_ending_retained_cash,acquisition_ending_reserve,acquisition_funding_source,re_asset_mgmt_fee,net_re_cashflow,re_cashflow_generated,re_cashflow_to_lp,re_cashflow_to_hf,re_cashflow_to_reserve,re_appreciation_rate,re_closing_nav,hf_opening_nav,hf_return,hf_harvest,hf_harvest_generated,hf_harvest_to_lp,hf_harvest_to_hf,hf_harvest_to_reserve,hf_closing_nav,refinance_proceeds,refinance_use_of_proceeds,cumulative_refinance_proceeds,refinance_liability,reserve_opening_nav,reserve_closing_nav,retained_cash,lp_cash_yield_target,lp_cash_yield_paid,lp_cash_yield_shortfall,cumulative_lp_cash_yield_shortfall,lp_cash_yield_coverage_ratio,cumulative_reinvested_into_hf,cumulative_cash_distributed_to_lp,cumulative_cash_added_to_reserve,hf_reinvestment_source_re,hf_reinvestment_source_hf,total_cash_reinvested,total_cash_distributed,total_cash_reserved,lp_distribution,lp_cumulative_distribution,lp_remaining_hurdle,economic_hurdle_passed,liquidity_available,liquidity_hurdle_passed,hurdle_trigger_eligible,hurdle_trigger_attempted,hurdle_trigger_executed,hurdle_trigger_required_cash,trigger_cash_from_retained_cash,trigger_cash_from_reserve,trigger_cash_from_hf_liquidation,trigger_cash_from_refi,trigger_cash_from_re_sale,lp_hurdle_shortfall_after_trigger,hf_nav_liquidated_for_hurdle,refi_proceeds_for_hurdle,re_nav_sold_for_hurdle,gp_fees,gp_cumulative_fees,gp_residual_nav,fund_nav,event_flag
base_hit_everyone_happy,1,top_down,8500000.0,8840000.0,0.0,0.0,8840000.0,0.075,637500.0,1020000.0,0.0,0.0,,0.0,0.0,0.0,0.0,0.0,0.0,0.0,606900.0,0.0,0,0.0,500000.0,0.0,0.0,0.0,0.0,0.0,0.0,500000.0,,30600.0,606900.0,606900.0,60690.0,455175.0,91035.0,0.04,8840000.0,1000000.0,0.3,0.0,0.0,0.0,0.0,0.0,1755175.0,0.0,,0.0,0.0,500000.0,591035.0,0.0,0.0,0.0,0.0,0.0,,455175.0,60690.0,91035.0,455175.0,0.0,455175.0,60690.0,91035.0,60690.0,60690.0,19939310.0,False,4556210.0,False,False,False,False,19939310.0,0.0,0.0,0.0,0.0,0.0,19939310.0,0.0,0.0,0.0,30600.0,30600.0,0.0,11186210.0,
base_hit_everyone_happy,2,top_down,8840000.0,9193600.0,0.0,0.0,9193600.0,0.07687499999999999,679574.9999999999,1060800.0,0.0,0.0,,0.0,0.0,0.0,0.0,0.0,0.0,0.0,647750.9999999999,0.0,0,0.0,591035.0,0.0,0.0,0.0,0.0,0.0,0.0,591035.0,,31824.0,647750.9999999999,647750.9999999999,64775.09999999999,485813.2499999999,97162.64999999998,0.04,9193600.0,1755175.0,0.15,0.0,0.0,0.0,0.0,0.0,2504264.4999999995,0.0,,0.0,0.0,591035.0,688197.65,0.0,0.0,0.0,0.0,0.0,,940988.2499999999,125465.09999999999,188197.64999999997,485813.2499999999,0.0,485813.2499999999,64775.09999999999,97162.64999999998,64775.09999999999,125465.09999999999,19874534.9,False,5490862.149999999,False,False,False,False,19874534.9,0.0,0.0,0.0,0.0,0.0,19874534.9,0.0,0.0,0.0,31824.0,62424.0,0.0,12386062.15,
base_hit_everyone_happy,3,top_down,9193600.0,9561344.0,0.0,0.0,9561344.0,0.07879687499999999,724426.9499999998,1103232.0,0.0,0.0,,0.0,0.0,0.0,0.0,0.0,0.0,0.0,691329.9899999999,0.0,0,0.0,688197.65,0.0,0.0,0.0,0.0,0.0,0.0,688197.65,,33096.96,691329.9899999999,691329.9899999999,69132.999,518497.49249999993,103699.49849999997,0.04,9561344.0,2504264.4999999995,0.35,0.0,0.0,0.0,0.0,0.0,3899254.5675,0.0,,0.0,0.0,688197.65,791897.1485,0.0,0.0,0.0,0.0,0.0,,1459485.7424999997,194598.099,291897.14849999995,518497.49249999993,0.0,518497.49249999993,69132.999,103699.49849999997,69132.999,194598.099,19805401.901,False,7081487.716,False,False,False,False,19805401.901,0.0,0.0,0.0,0.0,0.0,19805401.901,0.0,0.0,0.0,33096.96,95520.95999999999,0.0,14252495.715999998,
base_hit_everyone_happy,4,top_down,9561344.0,9943797.76,0.0,0.0,9943797.76,0.08076679687499998,772239.1286999998,1147361.28,0.0,0.0,,0.0,0.0,0.0,0.0,0.0,0.0,0.0,737818.2902999998,0.0,0,0.0,791897.1485,0.0,0.0,0.0,0.0,0.0,0.0,791897.1485,,34420.8384,737818.2902999998,737818.2902999998,73781.82902999998,553363.7177249999,110672.74354499996,0.04,9943797.76,3899254.5675,0.12,0.0,0.0,0.0,0.0,0.0,4920528.8333250005,0.0,,0.0,0.0,791897.1485,902569.892045,0.0,0.0,0.0,0.0,0.0,,2012849.4602249996,268379.92802999995,402569.8920449999,553363.7177249999,0.0,553363.7177249999,73781.82902999998,110672.74354499996,73781.82902999998,268379.92802999995,19731620.07197,False,8309048.1653700005,False,False,False,False,19731620.07197,0.0,0.0,0.0,0.0,0.0,19731620.07197,0.0,0.0,0.0,34420.8384,129941.7984,0.0,15766896.48537,
base_hit_everyone_happy,5,top_down,9943797.76,10341549.6704,0.0,0.0,10341549.6704,0.08278596679687496,823206.9111941996,1193255.7312,0.0,0.0,,0.0,0.0,0.0,0.0,0.0,0.0,0.0,787409.2392581996,0.0,0,0.0,902569.892045,0.0,0.0,0.0,0.0,0.0,0.0,902569.892045,,35797.671936,787409.2392581996,787409.2392581996,78740.92392581997,590556.9294436497,118111.38588872993,0.04,10341549.6704,4920528.8333250005,0.24,0.0,0.0,0.0,0.0,0.0,6692012.682766651,0.0,,0.0,0.0,902569.892045,1020681.2779337299,0.0,0.0,0.0,0.0,0.0,,2603406.389668649,347120.85195581993,520681.27793372987,590556.9294436497,0.0,590556.9294436497,78740.92392581997,118111.38588872993,78740.92392581997,347120.85195581993,19652879.14804418,False,10298081.37830038,False,False,False,False,19652879.14804418,0.0,0.0,0.0,0.0,0.0,19652879.14804418,0.0,0.0,0.0,35797.671936,165739.470336,0.0,18054243.631100383,
base_hit_everyone_happy,6,top_down,10341549.6704,10755211.657216,0.0,0.0,10755211.657216,0.08485561596679683,877538.5673330167,1240985.9604479999,0.0,0.0,,0.0,0.0,0.0,0.0,0.0,0.0,0.0,840308.9885195766,0.0,0,0.0,1020681.2779337299,0.0,0.0,0.0,0.0,0.0,0.0,1020681.2779337299,,37229.57881343999,840308.9885195766,840308.9885195766,84030.89885195767,630231.7413896825,126046.34827793649,0.04,10755211.657216,6692012.682766651,0.08,0.0,0.0,0.0,0.0,0.0,7857605.438777666,0.0,,0.0,0.0,1020681.2779337299,1146727.6262116665,0.0,0.0,0.0,0.0,0.0,,3233638.1310583316,431151.75080777763,646727.6262116664,630231.7413896825,0.0,630231.7413896825,84030.89885195767,126046.34827793649,84030.89885195767,431151.75080777763,19568848.249192223,True,11693135.979293332,False,False,False,False,19568848.249192223,0.0,0.0,0.0,0.0,0.0,19568848.249192223,0.0,0.0,0.0,37229.57881343999,202969.04914944,0.0,19759544.72220533,HURDLE_REACHED_BUT_LIQUIDITY_CONSTRAINED
base_hit_everyone_happy,7,top_down,10755211.657216,11185420.12350464,0.0,0.0,11185420.12350464,0.08697700636596674,935456.1127769956,1290625.3988659198,0.0,0.0,,0.0,0.0,0.0,0.0,0.0,0.0,0.0,896737.350811018,0.0,0,0.0,1146727.6262116665,0.0,0.0,0.0,0.0,0.0,0.0,1146727.6262116665,,38718.761965977596,896737.350811018,896737.350811018,89673.73508110181,672553.0131082635,134510.6026216527,0.04,11185420.12350464,7857605.438777666,0.4,0.0,0.0,0.0,0.0,0.0,11673200.627396993,0.0,,0.0,0.0,1146727.6262116665,1281238.2288333192,0.0,0.0,0.0,0.0,0.0,,3906191.1441665953,520825.48588887946,781238.2288333192,672553.0131082635,0.0,672553.0131082635,89673.73508110181,134510.6026216527,89673.73508110181,520825.48588887946,19479174.51411112,True,15750793.887106473,False,False,False,False,19479174.51411112,0.0,0.0,0.0,0.0,0.0,19479174.51411112,0.0,0.0,0.0,38718.761965977596,241687.81111541757,0.0,24139858.97973495,HURDLE_REACHED_BUT_LIQUIDITY_CONSTRAINED
base_hit_everyone_happy,8,top_down,11185420.12350464,11632836.928444827,0.0,0.0,11632836.928444827,0.08915143152511591,997196.2162202775,1342250.4148205568,0.0,0.0,,0.0,0.0,0.0,0.0,0.0,0.0,0.0,956928.7037756608,0.0,0,0.0,1281238.2288333192,0.0,0.0,0.0,0.0,0.0,0.0,1281238.2288333192,,40267.5124446167,956928.7037756608,956928.7037756608,95692.87037756608,717696.5278317456,143539.30556634913,0.04,11632836.928444827,11673200.627396993,0.06,0.0,0.0,0.0,0.0,0.0,13091289.19287256,0.0,,0.0,0.0,1281238.2288333192,1424777.5343996682,0.0,0.0,0.0,0.0,0.0,,4623887.671998341,616518.3562664455,924777.5343996682,717696.5278317456,0.0,717696.5278317456,95692.87037756608,143539.30556634913,95692.87037756608,616518.3562664455,19383481.643733554,True,17424275.959383436,False,False,False,False,19383481.643733554,0.0,0.0,0.0,0.0,0.0,19383481.643733554,0.0,0.0,0.0,40267.5124446167,281955.3235600343,0.0,26148903.655717056,HURDLE_REACHED_BUT_LIQUIDITY_CONSTRAINED
fast_success_crypto_bull,1,top_down,8500000.0,8755000.0,0.0,0.0,8755000.0,0.07,595000.0,935000.0,0.0,0.0,,0.0,0.0,0.0,0.0,0.0,0.0,0.0,566950.0,0.0,0,0.0,500000.0,0.0,0.0,0.0,0.0,0.0,0.0,500000.0,,28050.0,566950.0,566950.0,56695.0,425212.5,85042.5,0.03,8755000.0,1000000.0,0.6,0.0,0.0,0.0,0.0,0.0,2025212.5,0.0,,0.0,0.0,500000.0,585042.5,0.0,0.0,0.0,0.0,0.0,,425212.5,56695.0,85042.5,425212.5,0.0,425212.5,56695.0,85042.5,56695.0,56695.0,19943305.0,False,4799005.0,False,False,False,False,19943305.0,0.0,0.0,0.0,0.0,0.0,19943305.0,0.0,0.0,0.0,28050.0,28050.0,0.0,11365255.0,
fast_success_crypto_bull,2,top_down,8755000.0,9017650.0,0.0,0.0,9017650.0,0.0714,625107.0,963050.0,0.0,0.0,,0.0,0.0,0.0,0.0,0.0,0.0,0.0,596215.5,0.0,0,0.0,585042.5,0.0,0.0,0.0,0.0,0.0,0.0,585042.5,,28891.5,596215.5,596215.5,59621.55,447161.625,89432.325,0.03,9017650.0,2025212.5,0.8,0.0,0.0,0.0,0.0,0.0,4092544.125,0.0,,0.0,0.0,585042.5,674474.825,0.0,0.0,0.0,0.0,0.0,,872374.125,116316.55,174474.825,447161.625,0.0,447161.625,59621.55,89432.325,59621.55,116316.55,19883683.45,False,7021431.45,False,False,False,False,19883683.45,0.0,0.0,0.0,0.0,0.0,19883683.45,0.0,0.0,0.0,28891.5,56941.5,0.0,13784668.95,
fast_success_crypto_bull,3,top_down,9017650.0,9288179.5,0.0,0.0,9288179.5,0.072828,656737.4142,991941.5,0.0,0.0,,0.0,0.0,0.0,0.0,0.0,0.0,0.0,626979.1692,0.0,0,0.0,674474.825,0.0,0.0,0.0,0.0,0.0,0.0,674474.825,,29758.245,626979.1692,626979.1692,62697.91692,470234.37690000003,94046.87538,0.03,9288179.5,4092544.125,0.3,0.0,0.0,0.0,0.0,0.0,5790541.739399999,0.0,,0.0,0.0,674474.825,768521.7003799999,0.0,0.0,0.0,0.0,0.0,,1342608.5019,179014.46692,268521.70038,470234.37690000003,0.0,470234.37690000003,62697.91692,94046.87538,62697.91692,179014.46692,19820985.53308,False,8881108.31478,False,False,False,False,19820985.53308,0.0,0.0,0.0,0.0,0.0,19820985.53308,0.0,0.0,0.0,29758.245,86699.745,0.0,15847242.939779999,
fast_success_crypto_bull,4,top_down,9288179.5,9566824.885,0.0,0.0,9566824.885,0.07428456000000001,689968.3273585201,1021699.745,0.0,0.0,,0.0,0.0,0.0,0.0,0.0,0.0,0.0,659317.3350085202,0.0,0,0.0,768521.7003799999,0.0,0.0,0.0,0.0,0.0,0.0,768521.7003799999,,30650.99235,659317.3350085202,659317.3350085202,65931.73350085202,494488.0012563901,98897.60025127803,0.03,9566824.885,5790541.739399999,0.25,0.0,0.0,0.0,0.0,0.0,7732665.17550639,0.0,,0.0,0.0,768521.7003799999,867419.300631278,0.0,0.0,0.0,0.0,0.0,,1837096.50315639,244946.20042085202,367419.300631278,494488.0012563901,0.0,494488.0012563901,65931.73350085202,98897.60025127803,65931.73350085202,244946.20042085202,19755053.799579147,False,10991790.697387667,False,False,False,False,19755053.799579147,0.0,0.0,0.0,0.0,0.0,19755053.799579147,0.0,0.0,0.0,30650.99235,117350.73735,0.0,18166909.361137666,
fast_success_crypto_bull,5,top_down,9566824.885,9853829.63155,0.0,0.0,9853829.63155,0.0757702512,724880.7247228611,1052350.73735,0.0,0.0,,0.0,0.0,0.0,0.0,0.0,0.0,0.0,693310.2026023611,0.0,0,0.0,867419.300631278,0.0,0.0,0.0,0.0,0.0,0.0,867419.300631278,,31570.5221205,693310.2026023611,693310.2026023611,69331.02026023611,519982.6519517708,103996.53039035416,0.03,9853829.63155,7732665.17550639,0.15,0.0,0.0,0.0,0.0,0.0,9412547.603784118,0.0,,0.0,0.0,867419.300631278,971415.8310216321,0.0,0.0,0.0,0.0,0.0,,2357079.155108161,314277.22068108816,471415.8310216322,519982.6519517708,0.0,519982.6519517708,69331.02026023611,103996.53039035416,69331.02026023611,314277.22068108816,19685722.77931891,True,12847420.84269325,False,False,False,False,19685722.77931891,0.0,0.0,0.0,0.0,0.0,19685722.77931891,0.0,0.0,0.0,31570.5221205,148921.2594705,0.0,20237793.06635575,HURDLE_REACHED_BUT_LIQUIDITY_CONSTRAINED
slow_grind,1,top_down,8500000.0,8670000.0,0.0,0.0,8670000.0,0.065,552500.0,850000.0,0.0,0.0,,0.0,0.0,0.0,0.0,0.0,0.0,0.0,527000.0,0.0,0,0.0,500000.0,0.0,0.0,0.0,0.0,0.0,0.0,500000.0,,25500.0,527000.0,527000.0,52700.0,395250.0,79050.0,0.02,8670000.0,1000000.0,0.19,0.0,0.0,0.0,0.0,0.0,1585250.0,0.0,,0.0,0.0,500000.0,579050.0,0.0,0.0,0.0,0.0,0.0,,395250.0,52700.0,79050.0,395250.0,0.0,395250.0,52700.0,79050.0,52700.0,52700.0,19947300.0,False,4331800.0,False,False,False,False,19947300.0,0.0,0.0,0.0,0.0,0.0,19947300.0,0.0,0.0,0.0,25500.0,25500.0,0.0,10834300.0,
slow_grind,2,top_down,8670000.0,8843400.0,0.0,0.0,8843400.0,0.06597499999999999,572003.2499999999,867000.0,0.0,0.0,,0.0,0.0,0.0,0.0,0.0,0.0,0.0,545993.2499999999,0.0,0,0.0,579050.0,0.0,0.0,0.0,0.0,0.0,0.0,579050.0,,26010.0,545993.2499999999,545993.2499999999,54599.32499999999,409494.9374999999,81898.98749999997,0.02,8843400.0,1585250.0,-0.05,0.0,0.0,0.0,0.0,0.0,1915482.4375,0.0,,0.0,0.0,579050.0,660948.9874999999,0.0,0.0,0.0,0.0,0.0,,804744.9374999999,107299.32499999998,160948.9875,409494.9374999999,0.0,409494.9374999999,54599.32499999999,81898.98749999997,54599.32499999999,107299.32499999998,19892700.675,False,4787281.425,False,False,False,False,19892700.675,0.0,0.0,0.0,0.0,0.0,19892700.675,0.0,0.0,0.0,26010.0,51510.0,0.0,11419831.425,
slow_grind,3,top_down,8843400.0,9020268.0,0.0,0.0,9020268.0,0.06696462499999999,592194.9647249999,884340.0,0.0,0.0,,0.0,0.0,0.0,0.0,0.0,0.0,0.0,565664.7647249999,0.0,0,0.0,660948.9874999999,0.0,0.0,0.0,0.0,0.0,0.0,660948.9874999999,,26530.2,565664.7647249999,565664.7647249999,56566.47647249999,424248.5735437499,84849.71470874998,0.02,9020268.0,1915482.4375,0.14,0.0,0.0,0.0,0.0,0.0,2607898.55229375,0.0,,0.0,0.0,660948.9874999999,745798.70220875,0.0,0.0,0.0,0.0,0.0,,1228993.5110437497,163865.80147249997,245798.70220874995,424248.5735437499,0.0,424248.5735437499,56566.47647249999,84849.71470874998,56566.47647249999,163865.80147249997,19836134.1985275,False,5608764.2545024995,False,False,False,False,19836134.1985275,0.0,0.0,0.0,0.0,0.0,19836134.1985275,0.0,0.0,0.0,26530.2,78040.2,0.0,12373965.2545025,
slow_grind,4,top_down,9020268.0,9200673.36,0.0,0.0,9200673.36,0.06796909437499998,613099.4469797923,902026.8,0.0,0.0,,0.0,0.0,0.0,0.0,0.0,0.0,0.0,586038.6429797923,0.0,0,0.0,745798.70220875,0.0,0.0,0.0,0.0,0.0,0.0,745798.70220875,,27060.804,586038.6429797923,586038.6429797923,58603.864297979235,439528.98223484424,87905.79644696884,0.02,9200673.36,2607898.55229375,0.03,0.0,0.0,0.0,0.0,0.0,3125664.4910974065,0.0,,0.0,0.0,745798.70220875,833704.4986557188,0.0,0.0,0.0,0.0,0.0,,1668522.493278594,222469.6657704792,333704.4986557188,439528.98223484424,0.0,439528.98223484424,58603.864297979235,87905.79644696884,58603.864297979235,222469.6657704792,19777530.33422952,False,6259537.329753125,False,False,False,False,19777530.33422952,0.0,0.0,0.0,0.0,0.0,19777530.33422952,0.0,0.0,0.0,27060.804,105101.004,0.0,13160042.349753123,
slow_grind,5,top_down,9200673.36,9384686.8272,0.0,0.0,9384686.8272,0.06898863079062498,634741.8574581789,920067.336,0.0,0.0,,0.0,0.0,0.0,0.0,0.0,0.0,0.0,607139.8373781788,0.0,0,0.0,833704.4986557188,0.0,0.0,0.0,0.0,0.0,0.0,833704.4986557188,,27602.02008,607139.8373781788,607139.8373781788,60713.983737817885,455354.87803363416,91070.97560672682,0.02,9384686.8272,3125664.4910974065,0.16,0.0,0.0,0.0,0.0,0.0,4081125.6877066256,0.0,,0.0,0.0,833704.4986557188,924775.4742624456,0.0,0.0,0.0,0.0,0.0,,2123877.371312228,283183.6495082971,424775.47426244564,455354.87803363416,0.0,455354.87803363416,60713.983737817885,91070.97560672682,60713.983737817885,283183.6495082971,19716816.350491703,False,7352072.868769071,False,False,False,False,19716816.350491703,0.0,0.0,0.0,0.0,0.0,19716816.350491703,0.0,0.0,0.0,27602.02008,132703.02408,0.0,14390587.98916907,
slow_grind,6,top_down,9384686.8272,9572380.563744,0.0,0.0,9572380.563744,0.07002346025248435,657148.2450264526,938468.6827199999,0.0,0.0,,0.0,0.0,0.0,0.0,0.0,0.0,0.0,628994.1845448526,0.0,0,0.0,924775.4742624456,0.0,0.0,0.0,0.0,0.0,0.0,924775.4742624456,,28154.060481599998,628994.1845448526,628994.1845448526,62899.41845448526,471745.63840863947,94349.12768172788,0.02,9572380.563744,4081125.6877066256,0.07,0.0,0.0,0.0,0.0,0.0,4838550.124254729,0.0,,0.0,0.0,924775.4742624456,1019124.6019441735,0.0,0.0,0.0,0.0,0.0,,2595623.0097208675,346083.06796278234,519124.6019441735,471745.63840863947,0.0,471745.63840863947,62899.41845448526,94349.12768172788,62899.41845448526,346083.06796278234,19653916.93203722,False,8250769.867134903,False,False,False,False,19653916.93203722,0.0,0.0,0.0,0.0,0.0,19653916.93203722,0.0,0.0,0.0,28154.060481599998,160857.0845616,0.0,15430055.2899429,
slow_grind,7,top_down,9572380.563744,9763828.175018879,0.0,0.0,9763828.175018879,0.07107381215627159,680345.5780758861,957238.0563743999,0.0,0.0,,0.0,0.0,0.0,0.0,0.0,0.0,0.0,651628.4363846541,0.0,0,0.0,1019124.6019441735,0.0,0.0,0.0,0.0,0.0,0.0,1019124.6019441735,,28717.141691232,651628.4363846541,651628.4363846541,65162.84363846542,488721.3272884906,97744.26545769811,0.02,9763828.175018879,4838550.124254729,0.25,0.0,0.0,0.0,0.0,0.0,6536908.982606902,0.0,,0.0,0.0,1019124.6019441735,1116868.8674018716,0.0,0.0,0.0,0.0,0.0,,3084344.337009358,411245.91160124773,616868.8674018716,488721.3272884906,0.0,488721.3272884906,65162.84363846542,97744.26545769811,65162.84363846542,411245.91160124773,19588754.08839875,False,10094734.893763494,False,False,False,False,19588754.08839875,0.0,0.0,0.0,0.0,0.0,19588754.08839875,0.0,0.0,0.0,28717.141691232,189574.22625283198,0.0,17417606.02502765,
slow_grind,8,top_down,9763828.175018879,9959104.738519257,0.0,0.0,9959104.738519257,0.07213991933861567,704361.7769819649,976382.8175018879,0.0,0.0,,0.0,0.0,0.0,0.0,0.0,0.0,0.0,675070.2924569083,0.0,0,0.0,1116868.8674018716,0.0,0.0,0.0,0.0,0.0,0.0,1116868.8674018716,,29291.484525056636,675070.2924569083,675070.2924569083,67507.02924569084,506302.71934268123,101260.54386853623,0.02,9959104.738519257,6536908.982606902,0.05,0.0,0.0,0.0,0.0,0.0,7370057.1510799285,0.0,,0.0,0.0,1116868.8674018716,1218129.4112704077,0.0,0.0,0.0,0.0,0.0,,3590647.0563520393,478752.9408469386,718129.4112704078,506302.71934268123,0.0,506302.71934268123,67507.02924569084,101260.54386853623,67507.02924569084,478752.9408469386,19521247.05915306,False,11077962.746980151,False,False,False,False,19521247.05915306,0.0,0.0,0.0,0.0,0.0,19521247.05915306,0.0,0.0,0.0,29291.484525056636,218865.71077788863,0.0,18547291.30086959,
slow_grind,9,top_down,9959104.738519257,10158286.833289642,0.0,0.0,10158286.833289642,0.0732220181286949,729225.7477094283,995910.4738519257,0.0,0.0,,0.0,0.0,0.0,0.0,0.0,0.0,0.0,699348.4334938705,0.0,0,0.0,1218129.4112704077,0.0,0.0,0.0,0.0,0.0,0.0,1218129.4112704077,,29877.31421555777,699348.4334938705,699348.4334938705,69934.84334938705,524511.325120403,104902.26502408058,0.02,10158286.833289642,7370057.1510799285,0.13,0.0,0.0,0.0,0.0,0.0,8852675.905840721,0.0,,0.0,0.0,1218129.4112704077,1323031.6762944884,0.0,0.0,0.0,0.0,0.0,,4115158.3814724423,548687.7841963256,823031.6762944884,524511.325120403,0.0,524511.325120403,69934.84334938705,104902.26502408058,69934.84334938705,548687.7841963256,19451312.215803675,True,12715279.290457621,False,False,False,False,19451312.215803675,0.0,0.0,0.0,0.0,0.0,19451312.215803675,0.0,0.0,0.0,29877.31421555777,248743.0249934464,0.0,20333994.41542485,HURDLE_REACHED_BUT_LIQUIDITY_CONSTRAINED
slow_grind,10,top_down,10158286.833289642,10361452.569955435,0.0,0.0,10361452.569955435,0.07432034840062532,754967.416603571,1015828.6833289643,0.0,0.0,,0.0,0.0,0.0,0.0,0.0,0.0,0.0,724492.5561037022,0.0,0,0.0,1323031.6762944884,0.0,0.0,0.0,0.0,0.0,0.0,1323031.6762944884,,30474.860499868926,724492.5561037022,724492.5561037022,72449.25561037022,543369.4170777766,108673.88341555532,0.02,10361452.569955435,8852675.905840721,-0.02,0.0,0.0,0.0,0.0,0.0,9218991.804801682,0.0,,0.0,0.0,1323031.6762944884,1431705.5597100437,0.0,0.0,0.0,0.0,0.0,,4658527.798550219,621137.0398066958,931705.5597100437,543369.4170777766,0.0,543369.4170777766,72449.25561037022,108673.88341555532,72449.25561037022,621137.0398066958,19378862.960193302,True,13241060.507000584,False,False,False,False,19378862.960193302,0.0,0.0,0.0,0.0,0.0,19378862.960193302,0.0,0.0,0.0,30474.860499868926,279217.8854933153,0.0,21012149.934467163,HURDLE_REACHED_BUT_LIQUIDITY_CONSTRAINED
slow_grind,11,top_down,10361452.569955435,10568681.621354543,0.0,0.0,10568681.621354543,0.0754351536266347,781617.7664096771,1036145.2569955435,0.0,0.0,,0.0,0.0,0.0,0.0,0.0,0.0,0.0,750533.4086998109,0.0,0,0.0,1431705.5597100437,0.0,0.0,0.0,0.0,0.0,0.0,1431705.5597100437,,31084.357709866305,750533.4086998109,750533.4086998109,75053.34086998108,562900.0565248581,112580.01130497163,0.02,10568681.621354543,9218991.804801682,0.24,0.0,0.0,0.0,0.0,0.0,11994449.894478943,0.0,,0.0,0.0,1431705.5597100437,1544285.5710150152,0.0,0.0,0.0,0.0,0.0,,5221427.855075077,696190.3806766769,1044285.5710150154,562900.0565248581,0.0,562900.0565248581,75053.34086998108,112580.01130497163,75053.34086998108,696190.3806766769,19303809.619323324,True,16180905.870832594,False,False,False,False,19303809.619323324,0.0,0.0,0.0,0.0,0.0,19303809.619323324,0.0,0.0,0.0,31084.357709866305,310302.2432031816,0.0,24107417.0868485,HURDLE_REACHED_BUT_LIQUIDITY_CONSTRAINED
slow_grind,12,top_down,10568681.621354543,10780055.253781633,0.0,0.0,10780055.253781633,0.07656668093103419,809208.8735639384,1056868.1621354544,0.0,0.0,,0.0,0.0,0.0,0.0,0.0,0.0,0.0,777502.8286998748,0.0,0,0.0,1544285.5710150152,0.0,0.0,0.0,0.0,0.0,0.0,1544285.5710150152,,31706.04486406363,777502.8286998748,777502.8286998748,77750.28286998748,583127.1215249061,116625.42430498122,0.02,10780055.253781633,11994449.894478943,0.14,0.0,0.0,0.0,0.0,0.0,14256800.001230903,0.0,,0.0,0.0,1544285.5710150152,1660910.9953199965,0.0,0.0,0.0,0.0,0.0,,5804554.976599983,773940.6635466644,1160910.9953199965,583127.1215249061,0.0,583127.1215249061,77750.28286998748,116625.42430498122,77750.28286998748,773940.6635466644,19226059.336453337,True,18612724.809996307,False,False,False,False,19226059.336453337,0.0,0.0,0.0,0.0,0.0,19226059.336453337,0.0,0.0,0.0,31706.04486406363,342008.2880672452,0.0,26697766.25033253,HURDLE_REACHED_BUT_LIQUIDITY_CONSTRAINED
slow_grind,13,top_down,10780055.253781633,10995656.358857267,0.0,0.0,10995656.358857267,0.07771518114499971,837773.9468007456,1078005.5253781634,0.0,0.0,,0.0,0.0,0.0,0.0,0.0,0.0,0.0,805433.7810394006,0.0,0,0.0,1660910.9953199965,0.0,0.0,0.0,0.0,0.0,0.0,1660910.9953199965,,32340.165761344902,805433.7810394006,805433.7810394006,80543.37810394006,604075.3357795505,120815.06715591009,0.02,10995656.358857267,14256800.001230903,0.33,0.0,0.0,0.0,0.0,0.0,19565619.337416653,0.0,,0.0,0.0,1660910.9953199965,1781726.0624759067,0.0,0.0,0.0,0.0,0.0,,6408630.312379533,854484.0416506045,1281726.0624759067,604075.3357795505,0.0,604075.3357795505,80543.37810394006,120815.06715591009,80543.37810394006,854484.0416506045,19145515.958349396,True,24096259.48960688,True,False,False,False,19145515.958349396,0.0,0.0,0.0,0.0,0.0,19145515.958349396,0.0,0.0,0.0,32340.165761344902,374348.4538285901,0.0,32343001.758749828,HURDLE_REACHED_BUT_LIQUIDITY_CONSTRAINED
slow_grind,14,top_down,10995656.358857267,11215569.486034412,0.0,0.0,11215569.486034412,0.07888090886217469,867347.3671228116,1099565.6358857267,0.0,0.0,,0.0,0.0,0.0,0.0,0.0,0.0,0.0,834360.3980462399,0.0,0,0.0,1781726.0624759067,0.0,0.0,0.0,0.0,0.0,0.0,1781726.0624759067,,32986.9690765718,834360.3980462399,834360.3980462399,83436.03980462399,625770.2985346799,125154.05970693598,0.02,11215569.486034412,19565619.337416653,0.13,0.0,0.0,0.0,0.0,0.0,22734920.149815496,0.0,,0.0,0.0,1781726.0624759067,1906880.1221828426,0.0,0.0,0.0,0.0,0.0,,7034400.610914214,937920.0814552284,1406880.1221828426,625770.2985346799,0.0,625770.2985346799,83436.03980462399,125154.05970693598,83436.03980462399,937920.0814552284,19062079.918544773,True,27445692.64350694,True,False,False,False,19062079.918544773,0.0,0.0,0.0,0.0,0.0,19062079.918544773,0.0,0.0,0.0,32986.9690765718,407335.4229051619,0.0,35857369.758032754,HURDLE_REACHED_BUT_LIQUIDITY_CONSTRAINED
slow_grind,15,top_down,11215569.486034412,11439880.8757551,0.0,0.0,11439880.8757551,0.0800641224951073,897964.7291822468,1121556.9486034412,0.0,0.0,,0.0,0.0,0.0,0.0,0.0,0.0,0.0,864318.0207241436,0.0,0,0.0,1906880.1221828426,0.0,0.0,0.0,0.0,0.0,0.0,1906880.1221828426,,33646.70845810324,864318.0207241436,864318.0207241436,86431.80207241437,648238.5155431076,129647.70310862153,0.02,11439880.8757551,22734920.149815496,0.06,0.0,0.0,0.0,0.0,0.0,24747253.874347534,0.0,,0.0,0.0,1906880.1221828426,2036527.825291464,0.0,0.0,0.0,0.0,0.0,,7682639.126457321,1024351.8835276428,1536527.825291464,648238.5155431076,0.0,648238.5155431076,86431.80207241437,129647.70310862153,86431.80207241437,1024351.8835276428,18975648.116472356,True,29643751.918577775,True,False,False,False,18975648.116472356,0.0,0.0,0.0,0.0,0.0,18975648.116472356,0.0,0.0,0.0,33646.70845810324,440982.13136326516,0.0,38223662.575394094,HURDLE_REACHED_BUT_LIQUIDITY_CONSTRAINED
hedge_fund_failure_re_survival,1,top_down,8500000.0,8712500.0,0.0,0.0,8712500.0,0.075,637500.0,935000.0,0.0,0.0,,0.0,0.0,0.0,0.0,0.0,0.0,0.0,609450.0,0.0,0,0.0,500000.0,0.0,0.0,0.0,0.0,0.0,0.0,500000.0,,28050.0,609450.0,609450.0,60945.0,457087.5,91417.5,0.025,8712500.0,1000000.0,-0.7,0.0,0.0,0.0,0.0,0.0,757087.5,0.0,,0.0,0.0,500000.0,591417.5,0.0,0.0,0.0,0.0,0.0,,457087.5,60945.0,91417.5,457087.5,0.0,457087.5,60945.0,91417.5,60945.0,60945.0,19939055.0,False,3526630.0,False,False,False,False,19939055.0,0.0,0.0,0.0,0.0,0.0,19939055.0,0.0,0.0,0.0,28050.0,28050.0,0.0,10061005.0,
hedge_fund_failure_re_survival,2,top_down,8712500.0,8930312.5,0.0,0.0,8930312.5,0.0765,666506.25,958375.0,0.0,0.0,,0.0,0.0,0.0,0.0,0.0,0.0,0.0,637755.0,0.0,0,0.0,591417.5,0.0,0.0,0.0,0.0,0.0,0.0,591417.5,,28751.25,637755.0,637755.0,63775.5,478316.25,95663.25,0.025,8930312.5,757087.5,-0.2,0.0,0.0,0.0,0.0,0.0,1083986.25,0.0,,0.0,0.0,591417.5,687080.75,0.0,0.0,0.0,0.0,0.0,,935403.75,124720.5,187080.75,478316.25,0.0,478316.25,63775.5,95663.25,63775.5,124720.5,19875279.5,False,4003645.125,False,False,False,False,19875279.5,0.0,0.0,0.0,0.0,0.0,19875279.5,0.0,0.0,0.0,28751.25,56801.25,0.0,10701379.5,
hedge_fund_failure_re_survival,3,top_down,8930312.5,9153570.3125,0.0,0.0,9153570.3125,0.07803,696832.284375,982334.375,0.0,0.0,,0.0,0.0,0.0,0.0,0.0,0.0,0.0,667362.253125,0.0,0,0.0,687080.75,0.0,0.0,0.0,0.0,0.0,0.0,687080.75,,29470.03125,667362.253125,667362.253125,66736.22531250001,500521.68984375003,100104.33796875,0.025,9153570.3125,1083986.25,0.05,0.0,0.0,0.0,0.0,0.0,1638707.25234375,0.0,,0.0,0.0,687080.75,787185.08796875,0.0,0.0,0.0,0.0,0.0,,1435925.43984375,191456.72531250003,287185.08796875,500521.68984375003,0.0,500521.68984375003,66736.22531250001,100104.33796875,66736.22531250001,191456.72531250003,19808543.2746875,False,4714284.9184375,False,False,False,False,19808543.2746875,0.0,0.0,0.0,0.0,0.0,19808543.2746875,0.0,0.0,0.0,29470.03125,86271.28125,0.0,11579462.6528125,
hedge_fund_failure_re_survival,4,top_down,9153570.3125,9382409.5703125,0.0,0.0,9382409.5703125,0.07959060000000001,728538.1533140626,1006892.734375,0.0,0.0,,0.0,0.0,0.0,0.0,0.0,0.0,0.0,698331.3712828127,0.0,0,0.0,787185.08796875,0.0,0.0,0.0,0.0,0.0,0.0,787185.08796875,,30206.782031249997,698331.3712828127,698331.3712828127,69833.13712828128,523748.5284621095,104749.70569242189,0.025,9382409.5703125,1638707.25234375,0.05,0.0,0.0,0.0,0.0,0.0,2244391.1434230474,0.0,,0.0,0.0,787185.08796875,891934.7936611719,0.0,0.0,0.0,0.0,0.0,,1959673.9683058597,261289.86244078132,391934.79366117186,523748.5284621095,0.0,523748.5284621095,69833.13712828128,104749.70569242189,69833.13712828128,261289.86244078132,19738710.13755922,False,5481928.329662344,False,False,False,False,19738710.13755922,0.0,0.0,0.0,0.0,0.0,19738710.13755922,0.0,0.0,0.0,30206.782031249997,116478.06328125,0.0,12518735.507396718,
hedge_fund_failure_re_survival,5,top_down,9382409.5703125,9616969.809570312,0.0,0.0,9616969.809570312,0.081182412,761686.6392898523,1032065.052734375,0.0,0.0,,0.0,0.0,0.0,0.0,0.0,0.0,0.0,730724.6877078211,0.0,0,0.0,891934.7936611719,0.0,0.0,0.0,0.0,0.0,0.0,891934.7936611719,,30961.951582031248,730724.6877078211,730724.6877078211,73072.46877078211,548043.5157808659,109608.70315617317,0.025,9616969.809570312,2244391.1434230474,0.04,0.0,0.0,0.0,0.0,0.0,2882210.3049408356,0.0,,0.0,0.0,891934.7936611719,1001543.496817345,0.0,0.0,0.0,0.0,0.0,,2507717.484086726,334362.33121156343,501543.49681734503,548043.5157808659,0.0,548043.5157808659,73072.46877078211,109608.70315617317,73072.46877078211,334362.33121156343,19665637.668788437,False,6287996.2541507585,False,False,False,False,19665637.668788437,0.0,0.0,0.0,0.0,0.0,19665637.668788437,0.0,0.0,0.0,30961.951582031248,147440.01486328125,0.0,13500723.611328492,
hedge_fund_failure_re_survival,6,top_down,9616969.809570312,9857394.05480957,0.0,0.0,9857394.05480957,0.08280606023999999,796343.3813775405,1057866.6790527343,0.0,0.0,,0.0,0.0,0.0,0.0,0.0,0.0,0.0,764607.3810059585,0.0,0,0.0,1001543.496817345,0.0,0.0,0.0,0.0,0.0,0.0,1001543.496817345,,31736.000371582028,764607.3810059585,764607.3810059585,76460.73810059586,573455.5357544689,114691.10715089377,0.025,9857394.05480957,2882210.3049408356,0.04,0.0,0.0,0.0,0.0,0.0,3570954.252892938,0.0,,0.0,0.0,1001543.496817345,1116234.603968239,0.0,0.0,0.0,0.0,0.0,,3081173.0198411946,410823.0693121593,616234.6039682388,573455.5357544689,0.0,573455.5357544689,76460.73810059586,114691.10715089377,76460.73810059586,410823.0693121593,19589176.93068784,False,7151537.3705635695,False,False,False,False,19589176.93068784,0.0,0.0,0.0,0.0,0.0,19589176.93068784,0.0,0.0,0.0,31736.000371582028,179176.01523486327,0.0,14544582.911670746,
hedge_fund_failure_re_survival,7,top_down,9857394.05480957,10103828.906179808,0.0,0.0,10103828.906179808,0.0844621814448,832577.0052302188,1084313.3460290527,0.0,0.0,,0.0,0.0,0.0,0.0,0.0,0.0,0.0,800047.6048493471,0.0,0,0.0,1116234.603968239,0.0,0.0,0.0,0.0,0.0,0.0,1116234.603968239,,32529.400380871582,800047.6048493471,800047.6048493471,80004.76048493473,600035.7036370104,120007.14072740206,0.025,10103828.906179808,3570954.252892938,0.04,0.0,0.0,0.0,0.0,0.0,4313828.126645666,0.0,,0.0,0.0,1116234.603968239,1236241.744695641,0.0,0.0,0.0,0.0,0.0,,3681208.723478205,490827.82979709405,736241.7446956409,600035.7036370104,0.0,600035.7036370104,80004.76048493473,120007.14072740206,80004.76048493473,490827.82979709405,19509172.170202907,False,8076027.097886259,False,False,False,False,19509172.170202907,0.0,0.0,0.0,0.0,0.0,19509172.170202907,0.0,0.0,0.0,32529.400380871582,211705.41561573485,0.0,15653898.777521115,
hedge_fund_failure_re_survival,8,top_down,10103828.906179808,10356424.628834302,0.0,0.0,10356424.628834302,0.086151425073696,870459.2589681935,1111421.1796797789,0.0,0.0,,0.0,0.0,0.0,0.0,0.0,0.0,0.0,837116.6235778002,0.0,0,0.0,1236241.744695641,0.0,0.0,0.0,0.0,0.0,0.0,1236241.744695641,,33342.63539039336,837116.6235778002,837116.6235778002,83711.66235778003,627837.4676833502,125567.49353667002,0.025,10356424.628834302,4313828.126645666,0.04,0.0,0.0,0.0,0.0,0.0,5114218.719394842,0.0,,0.0,0.0,1236241.744695641,1361809.238232311,0.0,0.0,0.0,0.0,0.0,,4309046.191161555,574539.4921548741,861809.2382323109,627837.4676833502,0.0,627837.4676833502,83711.66235778003,125567.49353667002,83711.66235778003,574539.4921548741,19425460.507845126,False,9065134.114835728,False,False,False,False,19425460.507845126,0.0,0.0,0.0,0.0,0.0,19425460.507845126,0.0,0.0,0.0,33342.63539039336,245048.0510061282,0.0,16832452.586461455,
hedge_fund_failure_re_survival,9,top_down,10356424.628834302,10615335.244555159,0.0,0.0,10615335.244555159,0.08787445357516993,910065.1552512463,1139206.7091717732,0.0,0.0,,0.0,0.0,0.0,0.0,0.0,0.0,0.0,875888.9539760931,0.0,0,0.0,1361809.238232311,0.0,0.0,0.0,0.0,0.0,0.0,1361809.238232311,,34176.201275153195,875888.9539760931,875888.9539760931,87588.89539760932,656916.7154820699,131383.34309641397,0.025,10615335.244555159,5114218.719394842,0.04,0.0,0.0,0.0,0.0,0.0,5975704.183652706,0.0,,0.0,0.0,1361809.238232311,1493192.581328725,0.0,0.0,0.0,0.0,0.0,,4965962.906643625,662128.3875524835,993192.5813287249,656916.7154820699,0.0,656916.7154820699,87588.89539760932,131383.34309641397,87588.89539760932,662128.3875524835,19337871.612447515,False,10122730.576120222,False,False,False,False,19337871.612447515,0.0,0.0,0.0,0.0,0.0,19337871.612447515,0.0,0.0,0.0,34176.201275153195,279224.2522812814,0.0,18084232.00953659,
hedge_fund_failure_re_survival,10,top_down,10615335.244555159,10880718.625669036,0.0,0.0,10880718.625669036,0.08963194264667333,951473.119815178,1167686.8769010676,0.0,0.0,,0.0,0.0,0.0,0.0,0.0,0.0,0.0,916442.5135081459,0.0,0,0.0,1493192.581328725,0.0,0.0,0.0,0.0,0.0,0.0,1493192.581328725,,35030.60630703202,916442.5135081459,916442.5135081459,91644.2513508146,687331.8851311095,137466.3770262219,0.025,10880718.625669036,5975704.183652706,0.04,0.0,0.0,0.0,0.0,0.0,6902064.236129925,0.0,,0.0,0.0,1493192.581328725,1630658.958354947,0.0,0.0,0.0,0.0,0.0,,5653294.791774735,753772.6389032981,1130658.9583549467,687331.8851311095,0.0,687331.8851311095,91644.2513508146,137466.3770262219,91644.2513508146,753772.6389032981,19246227.361096703,True,11252902.850902129,False,False,False,False,19246227.361096703,0.0,0.0,0.0,0.0,0.0,19246227.361096703,0.0,0.0,0.0,35030.60630703202,314254.85858831345,0.0,19413441.820153907,HURDLE_REACHED_BUT_LIQUIDITY_CONSTRAINED
hedge_fund_failure_re_survival,11,top_down,10880718.625669036,11152736.591310762,0.0,0.0,11152736.591310762,0.09142458149960679,994765.1467667684,1196879.0488235939,0.0,0.0,,0.0,0.0,0.0,0.0,0.0,0.0,0.0,958858.7753020606,0.0,0,0.0,1630658.958354947,0.0,0.0,0.0,0.0,0.0,0.0,1630658.958354947,,35906.371464707816,958858.7753020606,958858.7753020606,95885.87753020607,719144.0814765454,143828.81629530908,0.025,11152736.591310762,6902064.236129925,0.04,0.0,0.0,0.0,0.0,0.0,7897290.887051668,0.0,,0.0,0.0,1630658.958354947,1774487.774650256,0.0,0.0,0.0,0.0,0.0,,6372438.87325128,849658.5164335042,1274487.7746502557,719144.0814765454,0.0,719144.0814765454,95885.87753020607,143828.81629530908,95885.87753020607,849658.5164335042,19150341.483566497,True,12459962.809529614,False,False,False,False,19150341.483566497,0.0,0.0,0.0,0.0,0.0,19150341.483566497,0.0,0.0,0.0,35906.371464707816,350161.2300530213,0.0,20824515.253012687,HURDLE_REACHED_BUT_LIQUIDITY_CONSTRAINED
hedge_fund_failure_re_survival,12,top_down,11152736.591310762,11431555.00609353,0.0,0.0,11431555.00609353,0.09325307312959893,1040026.9609446564,1226801.0250441837,0.0,0.0,,0.0,0.0,0.0,0.0,0.0,0.0,0.0,1003222.9301933309,0.0,0,0.0,1774487.774650256,0.0,0.0,0.0,0.0,0.0,0.0,1774487.774650256,,36804.03075132551,1003222.9301933309,1003222.9301933309,100322.2930193331,752417.1976449981,150483.43952899962,0.025,11431555.00609353,7897290.887051668,0.04,0.0,0.0,0.0,0.0,0.0,8965599.720178733,0.0,,0.0,0.0,1774487.774650256,1924971.2141792555,0.0,0.0,0.0,0.0,0.0,,7124856.070896278,949980.8094528373,1424971.2141792553,752417.1976449981,0.0,752417.1976449981,100322.2930193331,150483.43952899962,100322.2930193331,949980.8094528373,19050019.19054716,True,13748459.68588137,False,False,False,False,19050019.19054716,0.0,0.0,0.0,0.0,0.0,19050019.19054716,0.0,0.0,0.0,36804.03075132551,386965.26080434676,0.0,22322125.940451518,HURDLE_REACHED_BUT_LIQUIDITY_CONSTRAINED
real_estate_distress_crypto_success,1,top_down,8500000.0,8245000.0,0.0,0.0,8245000.0,0.045,382500.0,680000.0,0.0,0.0,,0.0,0.0,0.0,0.0,0.0,0.0,0.0,362100.0,0.0,0,0.0,500000.0,0.0,0.0,0.0,0.0,0.0,0.0,500000.0,,20400.0,362100.0,362100.0,36210.0,271575.0,54315.0,-0.03,8245000.0,1000000.0,0.6,0.0,0.0,0.0,0.0,0.0,1871575.0,0.0,,0.0,0.0,500000.0,554315.0,0.0,0.0,0.0,0.0,0.0,,271575.0,36210.0,54315.0,271575.0,0.0,271575.0,36210.0,54315.0,36210.0,36210.0,19963790.0,False,4487140.0,False,False,False,False,19963790.0,0.0,0.0,0.0,0.0,0.0,19963790.0,0.0,0.0,0.0,20400.0,20400.0,0.0,10670890.0,
real_estate_distress_crypto_success,2,top_down,8245000.0,7997650.0,0.0,0.0,7997650.0,0.04455,367314.75,659600.0,0.0,0.0,,0.0,0.0,0.0,0.0,0.0,0.0,0.0,347526.75,0.0,0,0.0,554315.0,0.0,0.0,0.0,0.0,0.0,0.0,554315.0,,19788.0,347526.75,347526.75,34752.675,260645.0625,52129.0125,-0.03,7997650.0,1871575.0,0.4,0.0,0.0,0.0,0.0,0.0,2880850.0625,0.0,,0.0,0.0,554315.0,606444.0125,0.0,0.0,0.0,0.0,0.0,,532220.0625,70962.675,106444.0125,260645.0625,0.0,260645.0625,34752.675,52129.0125,34752.675,70962.675,19929037.325,False,5486706.575,False,False,False,False,19929037.325,0.0,0.0,0.0,0.0,0.0,19929037.325,0.0,0.0,0.0,19788.0,40188.0,0.0,11484944.075,
real_estate_distress_crypto_success,3,top_down,7997650.0,7757720.5,0.0,0.0,7757720.5,0.0441045,352732.35442499997,639812.0,0.0,0.0,,0.0,0.0,0.0,0.0,0.0,0.0,0.0,333537.994425,0.0,0,0.0,606444.0125,0.0,0.0,0.0,0.0,0.0,0.0,606444.0125,,19194.36,333537.994425,333537.994425,33353.7994425,250153.49581875,50030.699163749996,-0.03,7757720.5,2880850.0625,0.25,0.0,0.0,0.0,0.0,0.0,3851216.07394375,0.0,,0.0,0.0,606444.0125,656474.71166375,0.0,0.0,0.0,0.0,0.0,,782373.55831875,104316.47444250001,156474.71166375,250153.49581875,0.0,250153.49581875,33353.7994425,50030.699163749996,33353.7994425,104316.47444250001,19895683.5255575,False,6447120.9106075,False,False,False,False,19895683.5255575,0.0,0.0,0.0,0.0,0.0,19895683.5255575,0.0,0.0,0.0,19194.36,59382.36,0.0,12265411.285607498,
real_estate_distress_crypto_success,4,top_down,7757720.5,7524988.885,0.0,0.0,7524988.885,0.043663455,338728.8799543275,620617.64,0.0,0.0,,0.0,0.0,0.0,0.0,0.0,0.0,0.0,320110.3507543275,0.0,0,0.0,656474.71166375,0.0,0.0,0.0,0.0,0.0,0.0,656474.71166375,,18618.5292,320110.3507543275,320110.3507543275,32011.035075432752,240082.76306574562,48016.55261314912,-0.03,7524988.885,3851216.07394375,0.35,0.0,0.0,0.0,0.0,0.0,5439224.462889809,0.0,,0.0,0.0,656474.71166375,704491.2642768992,0.0,0.0,0.0,0.0,0.0,,1022456.3213844956,136327.50951793278,204491.2642768991,240082.76306574562,0.0,240082.76306574562,32011.035075432752,48016.55261314912,32011.035075432752,136327.50951793278,19863672.490482066,False,8024962.948416708,False,False,False,False,19863672.490482066,0.0,0.0,0.0,0.0,0.0,19863672.490482066,0.0,0.0,0.0,18618.5292,78000.8892,0.0,13668704.612166708,
real_estate_distress_crypto_success,5,top_down,7524988.885,7299239.21845,0.0,0.0,7299239.21845,0.043226820449999995,325281.3434201406,601999.1108,0.0,0.0,,0.0,0.0,0.0,0.0,0.0,0.0,0.0,307221.3700961406,0.0,0,0.0,704491.2642768992,0.0,0.0,0.0,0.0,0.0,0.0,704491.2642768992,,18059.973324,307221.3700961406,307221.3700961406,30722.13700961406,230416.02757210546,46083.20551442109,-0.03,7299239.21845,5439224.462889809,0.1,0.0,0.0,0.0,0.0,0.0,6213562.936750896,0.0,,0.0,0.0,704491.2642768992,750574.4697913203,0.0,0.0,0.0,0.0,0.0,,1252872.348956601,167049.64652754684,250574.4697913202,230416.02757210546,0.0,230416.02757210546,30722.13700961406,46083.20551442109,30722.13700961406,167049.64652754684,19832950.353472453,False,8788947.211154716,False,False,False,False,19832950.353472453,0.0,0.0,0.0,0.0,0.0,19832950.353472453,0.0,0.0,0.0,18059.973324,96060.862524,0.0,14263376.624992216,
real_estate_distress_crypto_success,6,top_down,7299239.21845,7080262.0418965,0.0,0.0,7080262.0418965,0.042794552245499995,312367.6740863611,583939.137476,0.0,0.0,,0.0,0.0,0.0,0.0,0.0,0.0,0.0,294849.4999620811,0.0,0,0.0,750574.4697913203,0.0,0.0,0.0,0.0,0.0,0.0,750574.4697913203,,17518.174124279998,294849.4999620811,294849.4999620811,29484.94999620811,221137.1249715608,44227.42499431216,-0.03,7080262.0418965,6213562.936750896,0.45,0.0,0.0,0.0,0.0,0.0,9230803.38326036,0.0,,0.0,0.0,750574.4697913203,794801.8947856324,0.0,0.0,0.0,0.0,0.0,,1474009.473928162,196534.59652375494,294801.8947856324,221137.1249715608,0.0,221137.1249715608,29484.94999620811,44227.42499431216,29484.94999620811,196534.59652375494,19803465.403476246,False,11795670.788520118,False,False,False,False,19803465.403476246,0.0,0.0,0.0,0.0,0.0,19803465.403476246,0.0,0.0,0.0,17518.174124279998,113579.03664827999,0.0,17105867.319942493,
real_estate_distress_crypto_success,7,top_down,7080262.0418965,6867854.180639604,0.0,0.0,6867854.180639604,0.042366606723045,299966.67742513254,566420.96335172,0.0,0.0,,0.0,0.0,0.0,0.0,0.0,0.0,0.0,282974.04852458095,0.0,0,0.0,794801.8947856324,0.0,0.0,0.0,0.0,0.0,0.0,794801.8947856324,,16992.6289005516,282974.04852458095,282974.04852458095,28297.404852458098,212230.53639343573,42446.107278687145,-0.03,6867854.180639604,9230803.38326036,0.05,0.0,0.0,0.0,0.0,0.0,9904574.088816814,0.0,,0.0,0.0,794801.8947856324,837248.0020643196,0.0,0.0,0.0,0.0,0.0,,1686240.0103215976,224832.00137621304,337248.0020643195,212230.53639343573,0.0,212230.53639343573,28297.404852458098,42446.107278687145,28297.404852458098,224832.00137621304,19775167.99862379,False,12458785.636041034,False,False,False,False,19775167.99862379,0.0,0.0,0.0,0.0,0.0,19775167.99862379,0.0,0.0,0.0,16992.6289005516,130571.66554883159,0.0,17609676.271520738,
real_estate_distress_crypto_success,8,top_down,6867854.180639604,6661818.555220416,0.0,0.0,6661818.555220416,0.041942940655814547,288058.00033135473,549428.3344511683,0.0,0.0,,0.0,0.0,0.0,0.0,0.0,0.0,0.0,271575.1502978197,0.0,0,0.0,837248.0020643196,0.0,0.0,0.0,0.0,0.0,0.0,837248.0020643196,,16482.850033535047,271575.1502978197,271575.1502978197,27157.51502978197,203681.3627233648,40736.27254467295,-0.03,6661818.555220416,9904574.088816814,0.12,0.0,0.0,0.0,0.0,0.0,11296804.342198199,0.0,,0.0,0.0,837248.0020643196,877984.2746089925,0.0,0.0,0.0,0.0,0.0,,1889921.3730449623,251989.516405995,377984.27460899245,203681.3627233648,0.0,203681.3627233648,27157.51502978197,40736.27254467295,27157.51502978197,251989.516405995,19748010.483594004,False,13840243.255612295,False,False,False,False,19748010.483594004,0.0,0.0,0.0,0.0,0.0,19748010.483594004,0.0,0.0,0.0,16482.850033535047,147054.51558236664,0.0,18836607.172027607,
real_estate_distress_crypto_success,9,top_down,6661818.555220416,6461963.998563803,0.0,0.0,6461963.998563803,0.0415235112492564,276622.09771819995,532945.4844176333,0.0,0.0,,0.0,0.0,0.0,0.0,0.0,0.0,0.0,260633.73318567095,0.0,0,0.0,877984.2746089925,0.0,0.0,0.0,0.0,0.0,0.0,877984.2746089925,,15988.364532528998,260633.73318567095,260633.73318567095,26063.373318567097,195475.29988925322,39095.059977850644,-0.03,6461963.998563803,11296804.342198199,0.15,0.0,0.0,0.0,0.0,0.0,13186800.293417182,0.0,,0.0,0.0,877984.2746089925,917079.3345868431,0.0,0.0,0.0,0.0,0.0,,2085396.6729342155,278052.8897245621,417079.3345868431,195475.29988925322,0.0,195475.29988925322,26063.373318567097,39095.059977850644,26063.373318567097,278052.8897245621,19721947.110275436,True,15719370.627644977,False,False,False,False,19721947.110275436,0.0,0.0,0.0,0.0,0.0,19721947.110275436,0.0,0.0,0.0,15988.364532528998,163042.88011489564,0.0,20565843.62656783,HURDLE_REACHED_BUT_LIQUIDITY_CONSTRAINED
real_estate_distress_crypto_success,10,top_down,6461963.998563803,6268105.078606889,0.0,0.0,6268105.078606889,0.041108276136763836,265640.2004387874,516957.11988510424,0.0,0.0,,0.0,0.0,0.0,0.0,0.0,0.0,0.0,250131.48684223427,0.0,0,0.0,917079.3345868431,0.0,0.0,0.0,0.0,0.0,0.0,917079.3345868431,,15508.713596553127,250131.48684223427,250131.48684223427,25013.14868422343,187598.6151316757,37519.72302633514,-0.03,6268105.078606889,13186800.293417182,0.25,0.0,0.0,0.0,0.0,0.0,16671098.981903154,0.0,,0.0,0.0,917079.3345868431,954599.0576131783,0.0,0.0,0.0,0.0,0.0,,2272995.2880658912,303066.03840878553,454599.0576131782,187598.6151316757,0.0,187598.6151316757,25013.14868422343,37519.72302633514,25013.14868422343,303066.03840878553,19696933.961591214,True,19192724.309168056,False,False,False,False,19696933.961591214,0.0,0.0,0.0,0.0,0.0,19696933.961591214,0.0,0.0,0.0,15508.713596553127,178551.59371144878,0.0,23893803.118123222,HURDLE_REACHED_BUT_LIQUIDITY_CONSTRAINED
exceptional_dynasty_outcome,1,top_down,8500000.0,9180000.0,0.0,0.0,9180000.0,0.085,722500.0,1105000.0,0.0,0.0,,0.0,0.0,0.0,0.0,0.0,0.0,0.0,689350.0,0.0,0,0.0,500000.0,0.0,0.0,0.0,0.0,0.0,0.0,500000.0,,33150.0,689350.0,689350.0,68935.0,517012.5,103402.5,0.08,9180000.0,1000000.0,0.6,0.0,0.0,0.0,0.0,0.0,2117012.5,0.0,,0.0,0.0,500000.0,603402.5,0.0,0.0,0.0,0.0,0.0,,517012.5,68935.0,103402.5,517012.5,0.0,517012.5,68935.0,103402.5,68935.0,68935.0,19931065.0,False,5015415.0,False,False,False,False,19931065.0,0.0,0.0,0.0,0.0,0.0,19931065.0,0.0,0.0,0.0,33150.0,33150.0,0.0,11900415.0,
exceptional_dynasty_outcome,2,top_down,9180000.0,9914400.0,0.0,0.0,9914400.0,0.0884,811512.0000000001,1193400.0,0.0,0.0,,0.0,0.0,0.0,0.0,0.0,0.0,0.0,775710.0000000001,0.0,0,0.0,603402.5,0.0,0.0,0.0,0.0,0.0,0.0,603402.5,,35802.0,775710.0000000001,775710.0000000001,77571.00000000001,581782.5000000001,116356.50000000001,0.08,9914400.0,2117012.5,0.5,0.0,0.0,0.0,0.0,0.0,3757301.25,0.0,,0.0,0.0,603402.5,719759.0,0.0,0.0,0.0,0.0,0.0,,1098795.0,146506.0,219759.0,581782.5000000001,0.0,581782.5000000001,77571.00000000001,116356.50000000001,77571.00000000001,146506.0,19853494.0,False,6955660.25,False,False,False,False,19853494.0,0.0,0.0,0.0,0.0,0.0,19853494.0,0.0,0.0,0.0,35802.0,68952.0,0.0,14391460.25,
exceptional_dynasty_outcome,3,top_down,9914400.0,10707552.0,0.0,0.0,10707552.0,0.09193600000000002,911490.2784000002,1288872.0,0.0,0.0,,0.0,0.0,0.0,0.0,0.0,0.0,0.0,872824.1184000002,0.0,0,0.0,719759.0,0.0,0.0,0.0,0.0,0.0,0.0,719759.0,,38666.159999999996,872824.1184000002,872824.1184000002,87282.41184000002,654618.0888000001,130923.61776000002,0.08,10707552.0,3757301.25,0.3,0.0,0.0,0.0,0.0,0.0,5539109.7138,0.0,,0.0,0.0,719759.0,850682.61776,0.0,0.0,0.0,0.0,0.0,,1753413.0888,233788.41184000002,350682.61776000005,654618.0888000001,0.0,654618.0888000001,87282.41184000002,130923.61776000002,87282.41184000002,233788.41184000002,19766211.58816,False,9066680.33156,False,False,False,False,19766211.58816,0.0,0.0,0.0,0.0,0.0,19766211.58816,0.0,0.0,0.0,38666.159999999996,107618.16,0.0,17097344.33156,
exceptional_dynasty_outcome,4,top_down,10707552.0,11564156.16,0.0,0.0,11564156.16,0.09561344000000001,1023785.8806988801,1391981.76,0.0,0.0,,0.0,0.0,0.0,0.0,0.0,0.0,0.0,982026.4278988801,0.0,0,0.0,850682.61776,0.0,0.0,0.0,0.0,0.0,0.0,850682.61776,,41759.4528,982026.4278988801,982026.4278988801,98202.64278988802,736519.8209241601,147303.964184832,0.08,11564156.16,5539109.7138,0.2,0.0,0.0,0.0,0.0,0.0,7383451.47748416,0.0,,0.0,0.0,850682.61776,997986.5819448321,0.0,0.0,0.0,0.0,0.0,,2489932.90972416,331991.05462988804,497986.58194483205,736519.8209241601,0.0,736519.8209241601,98202.64278988802,147303.964184832,98202.64278988802,331991.05462988804,19668008.94537011,True,11272477.099428993,False,False,False,False,19668008.94537011,0.0,0.0,0.0,0.0,0.0,19668008.94537011,0.0,0.0,0.0,41759.4528,149377.6128,0.0,19945594.21942899,HURDLE_REACHED_BUT_LIQUIDITY_CONSTRAINED
exceptional_dynasty_outcome,5,top_down,11564156.16,12489288.652800001,0.0,0.0,12489288.652800001,0.09943797760000002,1149916.3012009822,1503340.3008,0.0,0.0,,0.0,0.0,0.0,0.0,0.0,0.0,0.0,1104816.0921769822,0.0,0,0.0,997986.5819448321,0.0,0.0,0.0,0.0,0.0,0.0,997986.5819448321,,45100.209024,1104816.0921769822,1104816.0921769822,110481.60921769822,828612.0691327367,165722.41382654733,0.08,12489288.652800001,7383451.47748416,0.15,0.0,0.0,0.0,0.0,0.0,9319581.268239519,0.0,,0.0,0.0,997986.5819448321,1163708.9957713794,0.0,0.0,0.0,0.0,0.0,,3318544.978856897,442472.66384758626,663708.9957713794,828612.0691327367,0.0,828612.0691327367,110481.60921769822,165722.41382654733,110481.60921769822,442472.66384758626,19557527.336152412,True,13605612.4272109,False,False,False,False,19557527.336152412,0.0,0.0,0.0,0.0,0.0,19557527.336152412,0.0,0.0,0.0,45100.209024,194477.821824,0.0,22972578.9168109,HURDLE_REACHED_BUT_LIQUIDITY_CONSTRAINED
exceptional_dynasty_outcome,6,top_down,12489288.652800001,13488431.745024003,0.0,0.0,13488431.745024003,0.10341549670400002,1291585.9895089434,1623607.5248640003,0.0,0.0,,0.0,0.0,0.0,0.0,0.0,0.0,0.0,1242877.7637630233,0.0,0,0.0,1163708.9957713794,0.0,0.0,0.0,0.0,0.0,0.0,1163708.9957713794,,48708.225745920005,1242877.7637630233,1242877.7637630233,124287.77637630234,932158.3228222674,186431.6645644535,0.08,13488431.745024003,9319581.268239519,0.2,0.0,0.0,0.0,0.0,0.0,12115655.844709689,0.0,,0.0,0.0,1163708.9957713794,1350140.660335833,0.0,0.0,0.0,0.0,0.0,,4250703.301679164,566760.4402238886,850140.660335833,932158.3228222674,0.0,932158.3228222674,124287.77637630234,186431.6645644535,124287.77637630234,566760.4402238886,19433239.559776112,True,16837904.441301525,False,False,False,False,19433239.559776112,0.0,0.0,0.0,0.0,0.0,19433239.559776112,0.0,0.0,0.0,48708.225745920005,243186.04756992002,0.0,26954228.25006952,HURDLE_REACHED_BUT_LIQUIDITY_CONSTRAINED
exceptional_dynasty_outcome,7,top_down,13488431.745024003,14567506.284625925,0.0,0.0,14567506.284625925,0.10755211657216004,1450709.3834164457,1753496.1268531205,0.0,0.0,,0.0,0.0,0.0,0.0,0.0,0.0,0.0,1398104.499610852,0.0,0,0.0,1350140.660335833,0.0,0.0,0.0,0.0,0.0,0.0,1350140.660335833,,52604.883805593614,1398104.499610852,1398104.499610852,139810.4499610852,1048578.3747081389,209715.6749416278,0.08,14567506.284625925,12115655.844709689,0.1,0.0,0.0,0.0,0.0,0.0,14375799.803888798,0.0,,0.0,0.0,1350140.660335833,1559856.3352774607,0.0,0.0,0.0,0.0,0.0,,5299281.676387303,706570.8901849738,1059856.3352774607,1048578.3747081389,0.0,1048578.3747081389,139810.4499610852,209715.6749416278,139810.4499610852,706570.8901849738,19293429.109815028,True,19577532.710322738,True,False,False,False,19293429.109815028,0.0,0.0,0.0,0.0,0.0,19293429.109815028,0.0,0.0,0.0,52604.883805593614,295790.9313755136,0.0,30503162.423792183,HURDLE_REACHED_BUT_LIQUIDITY_CONSTRAINED
exceptional_dynasty_outcome,8,top_down,14567506.284625925,15732906.787396,0.0,0.0,15732906.787396,0.11185420123504643,1629436.7794533516,1893775.8170013702,0.0,0.0,,0.0,0.0,0.0,0.0,0.0,0.0,0.0,1572623.5049433105,0.0,0,0.0,1559856.3352774607,0.0,0.0,0.0,0.0,0.0,0.0,1559856.3352774607,,56813.274510041105,1572623.5049433105,1572623.5049433105,157262.35049433107,1179467.628707483,235893.52574149656,0.08,15732906.787396,14375799.803888798,0.28,0.0,0.0,0.0,0.0,0.0,19580491.377685145,0.0,,0.0,0.0,1559856.3352774607,1795749.8610189573,0.0,0.0,0.0,0.0,0.0,,6478749.305094786,863833.2406793049,1295749.8610189573,1179467.628707483,0.0,1179467.628707483,157262.35049433107,235893.52574149656,157262.35049433107,863833.2406793049,19136166.759320695,True,25309467.9355531,True,False,False,False,19136166.759320695,0.0,0.0,0.0,0.0,0.0,19136166.759320695,0.0,0.0,0.0,56813.274510041105,352604.2058855547,0.0,37109148.0261001,HURDLE_REACHED_BUT_LIQUIDITY_CONSTRAINED
exceptional_dynasty_outcome,9,top_down,15732906.787396,16991539.33038768,0.0,0.0,16991539.33038768,0.11632836928444829,1830183.3906820049,2045277.8823614803,0.0,0.0,,0.0,0.0,0.0,0.0,0.0,0.0,0.0,1768825.0542111604,0.0,0,0.0,1795749.8610189573,0.0,0.0,0.0,0.0,0.0,0.0,1795749.8610189573,,61358.336470844406,1768825.0542111604,1768825.0542111604,176882.50542111605,1326618.7906583704,265323.758131674,0.08,16991539.33038768,19580491.377685145,0.08,0.0,0.0,0.0,0.0,0.0,22473549.478558328,0.0,,0.0,0.0,1795749.8610189573,2061073.6191506314,0.0,0.0,0.0,0.0,0.0,,7805368.095753157,1040715.746100421,1561073.6191506314,1326618.7906583704,0.0,1326618.7906583704,176882.50542111605,265323.758131674,176882.50542111605,1040715.746100421,18959284.253899578,True,28782507.93030588,True,False,False,False,18959284.253899578,0.0,0.0,0.0,0.0,0.0,18959284.253899578,0.0,0.0,0.0,61358.336470844406,413962.5423563991,0.0,41526162.428096645,HURDLE_REACHED_BUT_LIQUIDITY_CONSTRAINED
exceptional_dynasty_outcome,10,top_down,16991539.33038768,18350862.476818696,0.0,0.0,18350862.476818696,0.12098150405582624,2055661.9844140282,2208900.1129503986,0.0,0.0,,0.0,0.0,0.0,0.0,0.0,0.0,0.0,1989394.9810255163,0.0,0,0.0,2061073.6191506314,0.0,0.0,0.0,0.0,0.0,0.0,2061073.6191506314,,66267.00338851195,1989394.9810255163,1989394.9810255163,198939.49810255165,1492046.2357691373,298409.24715382745,0.08,18350862.476818696,22473549.478558328,0.19,0.0,0.0,0.0,0.0,0.0,18257510.09264752,0.0,,0.0,6422801.866886543,2061073.6191506314,0.0,0.0,0.0,0.0,0.0,0.0,,9297414.331522293,20000000.0,1859482.8663044588,1492046.2357691373,0.0,1492046.2357691373,18959284.25389958,298409.24715382745,18959284.25389958,20000000.0,0.0,True,35182768.60076268,True,True,True,True,18760344.75579703,0.0,2359482.866304459,9978060.022606026,6422801.866886543,0.0,0.0,9978060.022606026,6422801.866886543,0.0,66267.00338851195,480229.54574491107,30185570.702579677,30185570.702579677,HURDLE_COMPLETION_TRIGGER_EXECUTED
liquidity_trap,1,top_down,8500000.0,9095000.0,0.0,0.0,9095000.0,0.07,595000.0,935000.0,0.0,0.0,,0.0,0.0,0.0,0.0,0.0,0.0,0.0,566950.0,0.0,0,0.0,500000.0,0.0,0.0,0.0,0.0,0.0,0.0,500000.0,,28050.0,566950.0,566950.0,56695.0,425212.5,85042.5,0.07,9095000.0,1000000.0,0.1,0.0,0.0,0.0,0.0,0.0,1525212.5,0.0,,0.0,0.0,500000.0,585042.5,0.0,0.0,0.0,0.0,0.0,,425212.5,56695.0,85042.5,425212.5,0.0,425212.5,56695.0,85042.5,56695.0,56695.0,19943305.0,False,2565005.0,False,False,False,False,19943305.0,0.0,0.0,0.0,0.0,0.0,19943305.0,0.0,0.0,0.0,28050.0,28050.0,0.0,11205255.0,
liquidity_trap,2,top_down,9095000.0,9731650.0,0.0,0.0,9731650.0,0.07210000000000001,655749.5000000001,1000450.0,0.0,0.0,,0.0,0.0,0.0,0.0,0.0,0.0,0.0,625736.0000000001,0.0,0,0.0,585042.5,0.0,0.0,0.0,0.0,0.0,0.0,585042.5,,30013.5,625736.0000000001,625736.0000000001,62573.60000000001,469302.0000000001,93860.40000000001,0.07,9731650.0,1525212.5,0.38,0.0,0.0,0.0,0.0,0.0,2574095.25,0.0,,0.0,0.0,585042.5,678902.9,0.0,0.0,0.0,0.0,0.0,,894514.5000000001,119268.6,178902.90000000002,469302.0000000001,0.0,469302.0000000001,62573.60000000001,93860.40000000001,62573.60000000001,119268.6,19880731.4,False,3739580.65,False,False,False,False,19880731.4,0.0,0.0,0.0,0.0,0.0,19880731.4,0.0,0.0,0.0,30013.5,58063.5,0.0,12984648.15,
liquidity_trap,3,top_down,9731650.0,10412865.5,0.0,0.0,10412865.5,0.07426300000000001,722701.5239500001,1070481.5,0.0,0.0,,0.0,0.0,0.0,0.0,0.0,0.0,0.0,690587.0789500001,0.0,0,0.0,678902.9,0.0,0.0,0.0,0.0,0.0,0.0,678902.9,,32114.445,690587.0789500001,690587.0789500001,69058.70789500001,517940.3092125001,103588.06184250001,0.07,10412865.5,2574095.25,0.22,0.0,0.0,0.0,0.0,0.0,3658336.5142125003,0.0,,0.0,0.0,678902.9,782490.9618425,0.0,0.0,0.0,0.0,0.0,,1412454.8092125002,188327.30789500003,282490.9618425,517940.3092125001,0.0,517940.3092125001,69058.70789500001,103588.06184250001,69058.70789500001,188327.30789500003,19811672.692105,False,4961470.751055,False,False,False,False,19811672.692105,0.0,0.0,0.0,0.0,0.0,19811672.692105,0.0,0.0,0.0,32114.445,90177.945,0.0,14853692.976055,
liquidity_trap,4,top_down,10412865.5,11141766.085,0.0,0.0,11141766.085,0.07649089,796489.3495452951,1145415.205,0.0,0.0,,0.0,0.0,0.0,0.0,0.0,0.0,0.0,762126.8933952951,0.0,0,0.0,782490.9618425,0.0,0.0,0.0,0.0,0.0,0.0,782490.9618425,,34362.45615,762126.8933952951,762126.8933952951,76212.68933952952,571595.1700464713,114319.03400929426,0.07,11141766.085,3658336.5142125003,0.05,0.0,0.0,0.0,0.0,0.0,4412848.509969597,0.0,,0.0,0.0,782490.9618425,896809.9958517943,0.0,0.0,0.0,0.0,0.0,,1984049.9792589715,264539.9972345296,396809.99585179426,571595.1700464713,0.0,571595.1700464713,76212.68933952952,114319.03400929426,76212.68933952952,264539.9972345296,19735460.00276547,False,5866746.810071391,False,False,False,False,19735460.00276547,0.0,0.0,0.0,0.0,0.0,19735460.00276547,0.0,0.0,0.0,34362.45615,124540.40115,0.0,16451424.590821391,
liquidity_trap,5,top_down,11141766.085,11921689.710950002,0.0,0.0,11921689.710950002,0.07878561670000002,877810.91213387,1225594.2693500002,0.0,0.0,,0.0,0.0,0.0,0.0,0.0,0.0,0.0,841043.0840533699,0.0,0,0.0,896809.9958517943,0.0,0.0,0.0,0.0,0.0,0.0,896809.9958517943,,36767.8280805,841043.0840533699,841043.0840533699,84104.308405337,630782.3130400274,126156.46260800549,0.07,11921689.710950002,4412848.509969597,0.25,0.0,0.0,0.0,0.0,0.0,6146842.950502023,0.0,,0.0,0.0,896809.9958517943,1022966.4584597998,0.0,0.0,0.0,0.0,0.0,,2614832.2922989987,348644.30563986656,522966.45845979976,630782.3130400274,0.0,630782.3130400274,84104.308405337,126156.46260800549,84104.308405337,348644.30563986656,19651355.694360133,False,7765893.894509323,False,False,False,False,19651355.694360133,0.0,0.0,0.0,0.0,0.0,19651355.694360133,0.0,0.0,0.0,36767.8280805,161308.2292305,0.0,19091499.119911823,
liquidity_trap,6,top_down,11921689.710950002,12756207.990716502,0.0,0.0,12756207.990716502,0.08114918520100001,967435.4062627379,1311385.8682045003,0.0,0.0,,0.0,0.0,0.0,0.0,0.0,0.0,0.0,928093.8302166029,0.0,0,0.0,1022966.4584597998,0.0,0.0,0.0,0.0,0.0,0.0,1022966.4584597998,,39341.57604613501,928093.8302166029,928093.8302166029,92809.3830216603,696070.3726624522,139214.07453249043,0.07,12756207.990716502,6146842.950502023,0.05,0.0,0.0,0.0,0.0,0.0,7150255.470689576,0.0,,0.0,0.0,1022966.4584597998,1162180.53299229,0.0,0.0,0.0,0.0,0.0,,3310902.6649614507,441453.6886615269,662180.5329922902,696070.3726624522,0.0,696070.3726624522,92809.3830216603,139214.07453249043,92809.3830216603,441453.6886615269,19558546.311338473,True,8950246.403217692,False,False,False,False,19558546.311338473,0.0,0.0,0.0,0.0,0.0,19558546.311338473,0.0,0.0,0.0,39341.57604613501,200649.80527663502,0.0,21068643.994398367,HURDLE_REACHED_BUT_LIQUIDITY_CONSTRAINED
liquidity_trap,7,top_down,12756207.990716502,13649142.550066657,0.0,0.0,13649142.550066657,0.08358366075703001,1066210.5612421636,1403182.8789788152,0.0,0.0,,0.0,0.0,0.0,0.0,0.0,0.0,0.0,1024115.0748727992,0.0,0,0.0,1162180.53299229,0.0,0.0,0.0,0.0,0.0,0.0,1162180.53299229,,42095.48636936445,1024115.0748727992,1024115.0748727992,102411.50748727993,768086.3061545994,153617.2612309199,0.07,13649142.550066657,7150255.470689576,0.34,0.0,0.0,0.0,0.0,0.0,10349428.636878632,0.0,,0.0,0.0,1162180.53299229,1315797.79422321,0.0,0.0,0.0,0.0,0.0,,4078988.97111605,543865.1961488068,815797.7942232101,768086.3061545994,0.0,768086.3061545994,102411.50748727993,153617.2612309199,102411.50748727993,543865.1961488068,19456134.803851195,True,12347683.558605175,False,False,False,False,19456134.803851195,0.0,0.0,0.0,0.0,0.0,19456134.803851195,0.0,0.0,0.0,42095.48636936445,242745.29164599947,0.0,25314368.9811685,HURDLE_REACHED_BUT_LIQUIDITY_CONSTRAINED
liquidity_trap,8,top_down,13649142.550066657,14604582.528571324,0.0,0.0,14604582.528571324,0.08609117057974092,1175070.6595449885,1501405.6805073323,0.0,0.0,,0.0,0.0,0.0,0.0,0.0,0.0,0.0,1130028.4891297687,0.0,0,0.0,1315797.79422321,0.0,0.0,0.0,0.0,0.0,0.0,1315797.79422321,,45042.17041521997,1130028.4891297687,1130028.4891297687,113002.84891297687,847521.3668473265,169504.27336946529,0.07,14604582.528571324,10349428.636878632,0.04,0.0,0.0,0.0,0.0,0.0,11610927.149201104,0.0,,0.0,0.0,1315797.79422321,1485302.0675926753,0.0,0.0,0.0,0.0,0.0,,4926510.337963376,656868.0450617837,985302.0675926753,847521.3668473265,0.0,847521.3668473265,113002.84891297687,169504.27336946529,113002.84891297687,656868.0450617837,19343131.954938218,True,13826458.343222346,False,False,False,False,19343131.954938218,0.0,0.0,0.0,0.0,0.0,19343131.954938218,0.0,0.0,0.0,45042.17041521997,287787.46206121944,0.0,27700811.745365106,HURDLE_REACHED_BUT_LIQUIDITY_CONSTRAINED
liquidity_trap,9,top_down,14604582.528571324,15626903.305571318,0.0,0.0,15626903.305571318,0.08867390569713315,1295045.3738845321,1606504.0781428458,0.0,0.0,,0.0,0.0,0.0,0.0,0.0,0.0,0.0,1246850.2515402467,0.0,0,0.0,1485302.0675926753,0.0,0.0,0.0,0.0,0.0,0.0,1485302.0675926753,,48195.12234428537,1246850.2515402467,1246850.2515402467,124685.02515402467,935137.688655185,187027.53773103698,0.07,15626903.305571318,11610927.149201104,0.34,0.0,0.0,0.0,0.0,0.0,16493780.068584666,0.0,,0.0,0.0,1485302.0675926753,1672329.6053237123,0.0,0.0,0.0,0.0,0.0,,5861648.026618561,781553.0702158085,1172329.6053237123,935137.688655185,0.0,935137.688655185,124685.02515402467,187027.53773103698,124685.02515402467,781553.0702158085,19218446.92978419,True,18947454.839186944,False,False,False,False,19218446.92978419,0.0,0.0,0.0,0.0,0.0,19218446.92978419,0.0,0.0,0.0,48195.12234428537,335982.5844055048,0.0,33793012.97947969,HURDLE_REACHED_BUT_LIQUIDITY_CONSTRAINED
liquidity_trap,10,top_down,15626903.305571318,16720786.536961311,0.0,0.0,16720786.536961311,0.09133412286804715,1427269.5065581428,1718959.3636128448,0.0,0.0,,0.0,0.0,0.0,0.0,0.0,0.0,0.0,1375700.7256497575,0.0,0,0.0,1672329.6053237123,0.0,0.0,0.0,0.0,0.0,0.0,1672329.6053237123,,51568.78090838534,1375700.7256497575,1375700.7256497575,137570.07256497577,1031775.5442373182,206355.10884746362,0.07,16720786.536961311,16493780.068584666,0.04,0.0,0.0,0.0,0.0,0.0,18185306.815565374,0.0,,0.0,0.0,1672329.6053237123,1878684.7141711758,0.0,0.0,0.0,0.0,0.0,,6893423.570855879,919123.1427807843,1378684.7141711758,1031775.5442373182,0.0,1031775.5442373182,137570.07256497577,206355.10884746362,137570.07256497577,919123.1427807843,19080876.857219215,True,20900030.856584616,True,False,False,False,19080876.857219215,0.0,0.0,0.0,0.0,0.0,19080876.857219215,0.0,0.0,0.0,51568.78090838534,387551.36531389016,0.0,36784778.066697866,HURDLE_REACHED_BUT_LIQUIDITY_CONSTRAINED
failure_never_reaches_hurdle,1,top_down,8500000.0,8415000.0,0.0,0.0,8415000.0,0.045,382500.0,680000.0,0.0,0.0,,0.0,0.0,0.0,0.0,0.0,0.0,0.0,362100.0,0.0,0,0.0,500000.0,0.0,0.0,0.0,0.0,0.0,0.0,500000.0,,20400.0,362100.0,362100.0,36210.0,271575.0,54315.0,-0.01,8415000.0,1000000.0,-0.2,0.0,0.0,0.0,0.0,0.0,1071575.0,0.0,,0.0,0.0,500000.0,554315.0,0.0,0.0,0.0,0.0,0.0,,271575.0,36210.0,54315.0,271575.0,0.0,271575.0,36210.0,54315.0,36210.0,36210.0,19963790.0,False,3729640.0,False,False,False,False,19963790.0,0.0,0.0,0.0,0.0,0.0,19963790.0,0.0,0.0,0.0,20400.0,20400.0,0.0,10040890.0,
failure_never_reaches_hurdle,2,top_down,8415000.0,8330850.0,0.0,0.0,8330850.0,0.045,378675.0,673200.0,0.0,0.0,,0.0,0.0,0.0,0.0,0.0,0.0,0.0,358479.0,0.0,0,0.0,554315.0,0.0,0.0,0.0,0.0,0.0,0.0,554315.0,,20196.0,358479.0,358479.0,35847.9,268859.25,53771.85,-0.01,8330850.0,1071575.0,0.1,0.0,0.0,0.0,0.0,0.0,1447591.75,0.0,,0.0,0.0,554315.0,608086.85,0.0,0.0,0.0,0.0,0.0,,540434.25,72057.9,108086.85,268859.25,0.0,268859.25,35847.9,53771.85,35847.9,72057.9,19927942.1,False,4138391.1,False,False,False,False,19927942.1,0.0,0.0,0.0,0.0,0.0,19927942.1,0.0,0.0,0.0,20196.0,40596.0,0.0,10386528.6,
failure_never_reaches_hurdle,3,top_down,8330850.0,8247541.5,0.0,0.0,8247541.5,0.045,374888.25,666468.0,0.0,0.0,,0.0,0.0,0.0,0.0,0.0,0.0,0.0,354894.21,0.0,0,0.0,608086.85,0.0,0.0,0.0,0.0,0.0,0.0,608086.85,,19994.04,354894.21,354894.21,35489.421,266170.65750000003,53234.1315,-0.01,8247541.5,1447591.75,0.15,0.0,0.0,0.0,0.0,0.0,1930901.17,0.0,,0.0,0.0,608086.85,661320.9815,0.0,0.0,0.0,0.0,0.0,,806604.9075,107547.321,161320.9815,266170.65750000003,0.0,266170.65750000003,35489.421,53234.1315,35489.421,107547.321,19892452.679,False,4654107.5265,False,False,False,False,19892452.679,0.0,0.0,0.0,0.0,0.0,19892452.679,0.0,0.0,0.0,19994.04,60590.04,0.0,10839763.6515,
failure_never_reaches_hurdle,4,top_down,8247541.5,8165066.085,0.0,0.0,8165066.085,0.045,371139.3675,659803.3200000001,0.0,0.0,,0.0,0.0,0.0,0.0,0.0,0.0,0.0,351345.2679,0.0,0,0.0,661320.9815,0.0,0.0,0.0,0.0,0.0,0.0,661320.9815,,19794.0996,351345.2679,351345.2679,35134.526789999996,263508.950925,52701.790185,-0.01,8165066.085,1930901.17,0.03,0.0,0.0,0.0,0.0,0.0,2252337.156025,0.0,,0.0,0.0,661320.9815,714022.771685,0.0,0.0,0.0,0.0,0.0,,1070113.858425,142681.84779,214022.77168499999,263508.950925,0.0,263508.950925,35134.526789999996,52701.790185,35134.526789999996,142681.84779,19857318.15221,False,5007626.44896,False,False,False,False,19857318.15221,0.0,0.0,0.0,0.0,0.0,19857318.15221,0.0,0.0,0.0,19794.0996,80384.1396,0.0,11131426.012710001,
failure_never_reaches_hurdle,5,top_down,8165066.085,8083415.42415,0.0,0.0,8083415.42415,0.045,367427.973825,653205.2868,0.0,0.0,,0.0,0.0,0.0,0.0,0.0,0.0,0.0,347831.815221,0.0,0,0.0,714022.771685,0.0,0.0,0.0,0.0,0.0,0.0,714022.771685,,19596.158604,347831.815221,347831.815221,34783.1815221,260873.86141575,52174.77228315,-0.01,8083415.42415,2252337.156025,0.24,0.0,0.0,0.0,0.0,0.0,3053771.93488675,0.0,,0.0,0.0,714022.771685,766197.54396815,0.0,0.0,0.0,0.0,0.0,,1330987.71984075,177465.0293121,266197.54396815,260873.86141575,0.0,260873.86141575,34783.1815221,52174.77228315,34783.1815221,177465.0293121,19822534.9706879,False,5840823.3348924,False,False,False,False,19822534.9706879,0.0,0.0,0.0,0.0,0.0,19822534.9706879,0.0,0.0,0.0,19596.158604,99980.29820399999,0.0,11903384.903004901,
failure_never_reaches_hurdle,6,top_down,8083415.42415,8002581.2699085,0.0,0.0,8002581.2699085,0.045,363753.69408675,646673.233932,0.0,0.0,,0.0,0.0,0.0,0.0,0.0,0.0,0.0,344353.49706878996,0.0,0,0.0,766197.54396815,0.0,0.0,0.0,0.0,0.0,0.0,766197.54396815,,19400.19701796,344353.49706878996,344353.49706878996,34435.349706878995,258265.12280159246,51653.024560318496,-0.01,8002581.2699085,3053771.93488675,0.04,0.0,0.0,0.0,0.0,0.0,3434187.9350838126,0.0,,0.0,0.0,766197.54396815,817850.5685284685,0.0,0.0,0.0,0.0,0.0,,1589252.8426423427,211900.379018979,317850.5685284685,258265.12280159246,0.0,258265.12280159246,34435.349706878995,51653.024560318496,34435.349706878995,211900.379018979,19788099.620981023,False,6252683.821089406,False,False,False,False,19788099.620981023,0.0,0.0,0.0,0.0,0.0,19788099.620981023,0.0,0.0,0.0,19400.19701796,119380.49522196,0.0,12254619.77352078,
failure_never_reaches_hurdle,7,top_down,8002581.2699085,7922555.457209415,0.0,0.0,7922555.457209415,0.045,360116.1571458825,640206.50159268,0.0,0.0,,0.0,0.0,0.0,0.0,0.0,0.0,0.0,340909.9620981021,0.0,0,0.0,817850.5685284685,0.0,0.0,0.0,0.0,0.0,0.0,817850.5685284685,,19206.1950477804,340909.9620981021,340909.9620981021,34090.99620981021,255682.47157357656,51136.49431471531,-0.01,7922555.457209415,3434187.9350838126,0.13,0.0,0.0,0.0,0.0,0.0,4136314.838218285,0.0,,0.0,0.0,817850.5685284685,868987.0628431838,0.0,0.0,0.0,0.0,0.0,,1844935.3142159192,245991.37522878923,368987.0628431838,255682.47157357656,0.0,255682.47157357656,34090.99620981021,51136.49431471531,34090.99620981021,245991.37522878923,19754008.62477121,False,6985940.765363823,False,False,False,False,19754008.62477121,0.0,0.0,0.0,0.0,0.0,19754008.62477121,0.0,0.0,0.0,19206.1950477804,138586.6902697404,0.0,12927857.358270882,
failure_never_reaches_hurdle,8,top_down,7922555.457209415,7843329.902637321,0.0,0.0,7843329.902637321,0.045,356514.99557442364,633804.4365767532,0.0,0.0,,0.0,0.0,0.0,0.0,0.0,0.0,0.0,337500.86247712106,0.0,0,0.0,868987.0628431838,0.0,0.0,0.0,0.0,0.0,0.0,868987.0628431838,,19014.133097302594,337500.86247712106,337500.86247712106,33750.086247712105,253125.6468578408,50625.12937156816,-0.01,7843329.902637321,4136314.838218285,0.18,0.0,0.0,0.0,0.0,0.0,5133977.155955417,0.0,,0.0,0.0,868987.0628431838,919612.192214752,0.0,0.0,0.0,0.0,0.0,,2098060.96107376,279741.4614765013,419612.19221475197,253125.6468578408,0.0,253125.6468578408,33750.086247712105,50625.12937156816,33750.086247712105,279741.4614765013,19720258.5385235,False,8014421.823829499,False,False,False,False,19720258.5385235,0.0,0.0,0.0,0.0,0.0,19720258.5385235,0.0,0.0,0.0,19014.133097302594,157600.823367043,0.0,13896919.250807488,
failure_never_reaches_hurdle,9,top_down,7843329.902637321,7764896.603610948,0.0,0.0,7764896.603610948,0.045,352949.8456186794,627466.3922109857,0.0,0.0,,0.0,0.0,0.0,0.0,0.0,0.0,0.0,334125.85385234986,0.0,0,0.0,919612.192214752,0.0,0.0,0.0,0.0,0.0,0.0,919612.192214752,,18823.991766329567,334125.85385234986,334125.85385234986,33412.58538523499,250594.3903892624,50118.878077852474,-0.01,7764896.603610948,5133977.155955417,-0.12,0.0,0.0,0.0,0.0,0.0,4768494.28763003,0.0,,0.0,0.0,919612.192214752,969731.0702926044,0.0,0.0,0.0,0.0,0.0,,2348655.351463022,313154.0468617363,469731.07029260445,250594.3903892624,0.0,250594.3903892624,33412.58538523499,50118.878077852474,33412.58538523499,313154.0468617363,19686845.953138262,False,7679449.508825371,False,False,False,False,19686845.953138262,0.0,0.0,0.0,0.0,0.0,19686845.953138262,0.0,0.0,0.0,18823.991766329567,176424.81513337255,0.0,13503121.961533582,
failure_never_reaches_hurdle,10,top_down,7764896.603610948,7687247.6375748385,0.0,0.0,7687247.6375748385,0.045,349420.34716249263,621191.7282888758,0.0,0.0,,0.0,0.0,0.0,0.0,0.0,0.0,0.0,330784.59531382634,0.0,0,0.0,969731.0702926044,0.0,0.0,0.0,0.0,0.0,0.0,969731.0702926044,,18635.751848666274,330784.59531382634,330784.59531382634,33078.459531382636,248088.44648536976,49617.68929707395,-0.01,7687247.6375748385,4768494.28763003,0.28,0.0,0.0,0.0,0.0,0.0,6351761.134651808,0.0,,0.0,0.0,969731.0702926044,1019348.7595896784,0.0,0.0,0.0,0.0,0.0,,2596743.797948392,346232.50639311894,519348.7595896784,248088.44648536976,0.0,248088.44648536976,33078.459531382636,49617.68929707395,33078.459531382636,346232.50639311894,19653767.49360688,False,9292921.803635197,False,False,False,False,19653767.49360688,0.0,0.0,0.0,0.0,0.0,19653767.49360688,0.0,0.0,0.0,18635.751848666274,195060.56698203884,0.0,15058357.531816324,
failure_never_reaches_hurdle,11,top_down,7687247.6375748385,7610375.16119909,0.0,0.0,7610375.16119909,0.045,345926.1436908677,614979.8110059871,0.0,0.0,,0.0,0.0,0.0,0.0,0.0,0.0,0.0,327476.7493606881,0.0,0,0.0,1019348.7595896784,0.0,0.0,0.0,0.0,0.0,0.0,1019348.7595896784,,18449.394330179613,327476.7493606881,327476.7493606881,32747.67493606881,245607.56202051608,49121.51240410321,-0.01,7610375.16119909,6351761.134651808,0.12,0.0,0.0,0.0,0.0,0.0,7359580.032830542,0.0,,0.0,0.0,1019348.7595896784,1068470.2719937817,0.0,0.0,0.0,0.0,0.0,,2842351.359968908,378980.18132918776,568470.2719937816,245607.56202051608,0.0,245607.56202051608,32747.67493606881,49121.51240410321,32747.67493606881,378980.18132918776,19621019.818670813,False,10330644.095124098,False,False,False,False,19621019.818670813,0.0,0.0,0.0,0.0,0.0,19621019.818670813,0.0,0.0,0.0,18449.394330179613,213509.96131221845,0.0,16038425.466023415,
failure_never_reaches_hurdle,12,top_down,7610375.16119909,7534271.409587099,0.0,0.0,7534271.409587099,0.045,342466.882253959,608830.0128959272,0.0,0.0,,0.0,0.0,0.0,0.0,0.0,0.0,0.0,324201.9818670812,0.0,0,0.0,1068470.2719937817,0.0,0.0,0.0,0.0,0.0,0.0,1068470.2719937817,,18264.900386877816,324201.9818670812,324201.9818670812,32420.19818670812,243151.48640031088,48630.29728006218,-0.01,7534271.409587099,7359580.032830542,0.08,0.0,0.0,0.0,0.0,0.0,8191497.9218572965,0.0,,0.0,0.0,1068470.2719937817,1117100.569273844,0.0,0.0,0.0,0.0,0.0,,3085502.846369219,411400.37951589585,617100.5692738438,243151.48640031088,0.0,243151.48640031088,32420.19818670812,48630.29728006218,32420.19818670812,411400.37951589585,19588599.620484103,False,11192166.343527915,False,False,False,False,19588599.620484103,0.0,0.0,0.0,0.0,0.0,19588599.620484103,0.0,0.0,0.0,18264.900386877816,231774.86169909628,0.0,16842869.90071824,
