scenario,year,bonus_depreciation,straight_line_depreciation,total_depreciation,cumulative_depreciation,interest_deduction,cumulative_interest_deduction,total_deductions,cumulative_deductions,hf_stcg,re_taxable_income,total_taxable_income_no_benefit,total_taxable_income_with_benefit,tax_no_benefit,tax_with_benefit,tax_savings,cumulative_tax_savings,lp_cash_distributions,after_tax_cash_ideal,cumulative_after_tax_cash_ideal,after_tax_moic_ideal,passive_loss_generated,passive_loss_used,passive_loss_carryforward
base_hit_everyone_happy,1,2000000.0,218181.81818181818,2218181.8181818184,2218181.8181818184,525000.0,525000.0,2743181.8181818184,2743181.8181818184,455175.0,-2105681.8181818184,567675.0,-1650506.8181818184,210039.75,0.0,210039.75,210039.75,60690.0,270729.75,270729.75,0.027072975,2105681.8181818184,455175.0,1650506.8181818184
base_hit_everyone_happy,2,0.0,218181.81818181818,218181.81818181818,2436363.6363636367,525000.0,1050000.0,743181.8181818181,3486363.6363636367,485813.2499999999,-63606.81818181829,640388.2499999998,422206.4318181816,236943.6524999999,156216.37977272717,80727.27272727274,290767.0227272727,64775.09999999999,145502.37272727274,416232.12272727274,0.04162321227272727,63606.81818181829,485813.2499999999,1228300.3863636367
base_hit_everyone_happy,3,0.0,218181.81818181818,218181.81818181818,2654545.454545455,525000.0,1575000.0,743181.8181818181,4229545.454545455,518497.49249999993,-18754.86818181834,717924.4424999999,499742.6243181816,265632.04372499994,184904.7709977272,80727.27272727274,371494.2954545454,69132.999,149860.27172727272,566092.3944545455,0.05660923944545455,18754.86818181834,518497.49249999993,728557.7620454552
base_hit_everyone_happy,4,0.0,218181.81818181818,218181.81818181818,2872727.2727272734,525000.0,2100000.0,743181.8181818181,4972727.272727273,553363.7177249999,29057.31051818159,800602.8464249996,582421.0282431815,296223.05317724985,215495.78044997717,80727.27272727268,452221.5681818181,73781.82902999998,154509.10175727267,720601.4962118182,0.07206014962118182,0.0,553363.7177249999,175194.0443204553
base_hit_everyone_happy,5,0.0,218181.81818181818,218181.81818181818,3090909.0909090918,525000.0,2625000.0,743181.8181818181,5715909.090909092,590556.9294436497,80025.0930123814,888763.8406378492,670582.0224560311,328842.6210360042,248115.34830873148,80727.27272727274,532948.8409090908,78740.92392581997,159468.1966530927,880069.6928649109,0.0880069692864911,0.0,175194.0443204553,0.0
base_hit_everyone_happy,6,0.0,218181.81818181818,218181.81818181818,3309090.90909091,525000.0,3150000.0,743181.8181818181,6459090.90909091,630231.7413896825,134356.74915119848,982770.3087226991,764588.490540881,363625.0142273987,282897.74150012597,80727.2727272727,613676.1136363635,84030.89885195767,164758.17157923037,1044827.8644441413,0.10448278644441412,0.0,0.0,0.0
base_hit_everyone_happy,7,0.0,218181.81818181818,218181.81818181818,3527272.7272727285,525000.0,3675000.0,743181.8181818181,7202272.727272728,672553.0131082635,192274.29459517746,1083009.1258852591,864827.307703441,400713.3765775459,319986.1038502732,80727.2727272727,694403.3863636362,89673.73508110181,170401.00780837453,1215228.8722525158,0.12152288722525158,0.0,0.0,0.0
base_hit_everyone_happy,8,0.0,218181.81818181818,218181.81818181818,3745454.545454547,525000.0,4200000.0,743181.8181818181,7945454.545454547,717696.5278317456,254014.3980384593,1189892.7440520232,971710.9258702048,440260.31529924856,359533.0425719758,80727.27272727276,775130.659090909,95692.87037756608,176420.14310483885,1391649.0153573547,0.13916490153573546,0.0,0.0,0.0
base_hit_everyone_happy,9,0.0,218181.81818181818,218181.81818181818,3963636.363636365,525000.0,4725000.0,743181.8181818181,8688636.363636365,765849.7151613107,319829.34830899764,1303860.8816521266,1085679.0634703084,482428.52621128684,401701.25348401413,80727.2727272727,855857.9318181816,102113.29535484145,182840.56808211416,1574489.5834394689,0.1574489583439469,0.0,0.0,0.0
base_hit_everyone_happy,10,0.0,218181.81818181818,218181.81818181818,4181818.1818181835,525000.0,5250000.0,743181.8181818181,9431818.181818184,817212.4215143342,389988.08529739146,1425382.3249935438,1207200.5068117257,527391.4602476112,446664.1875203385,80727.27272727265,936585.2045454544,108961.65620191123,189688.92892918386,1764178.5123686527,0.17641785123686526,0.0,0.0,0.0
base_hit_everyone_happy,11,0.0,218181.81818181818,218181.81818181818,4400000.000000002,525000.0,5775000.0,743181.8181818181,10175000.000000002,871997.731492752,464777.29892701906,1554956.8486015892,1336775.030419771,575334.033982588,494606.7612553153,80727.2727272727,1017312.4772727271,116266.36419903359,196993.6369263063,1961172.149294959,0.19611721492949588,0.0,0.0,0.0
base_hit_everyone_happy,12,0.0,218181.81818181818,218181.81818181818,4618181.81818182,525000.0,6300000.0,743181.8181818181,10918181.81818182,930432.8435360844,544502.6006562025,1693117.262374105,1474935.444192287,626453.3870784189,545726.1143511462,80727.2727272727,1098039.7499999998,19056140.32797777,19136867.600705042,21098039.75,2.109803975,0.0,0.0,0.0
fast_success_crypto_bull,1,2000000.0,218181.81818181818,2218181.8181818184,2218181.8181818184,525000.0,525000.0,2743181.8181818184,2743181.8181818184,425212.5,-2148181.8181818184,495212.5,-1722969.3181818184,183228.625,0.0,183228.625,183228.625,56695.0,239923.625,239923.625,0.0239923625,2148181.8181818184,425212.5,1722969.3181818184
fast_success_crypto_bull,2,0.0,218181.81818181818,218181.81818181818,2436363.6363636367,525000.0,1050000.0,743181.8181818181,3486363.6363636367,447161.625,-118074.81818181818,547268.625,329086.8068181818,202489.39125,121762.11852272728,80727.2727272727,263955.8977272727,59621.55,140348.8227272727,380272.4477272727,0.03802724477272727,118074.81818181818,447161.625,1393882.5113636365
fast_success_crypto_bull,3,0.0,218181.81818181818,218181.81818181818,2654545.454545455,525000.0,1575000.0,743181.8181818181,4229545.454545455,470234.37690000003,-86444.40398181818,601971.7911,383789.97291818185,222729.562707,142002.2899797273,80727.2727272727,344683.1704545454,62697.91692,143425.1896472727,523697.6373745454,0.05236976373745454,86444.40398181818,470234.37690000003,1010092.5384454546
fast_success_crypto_bull,4,0.0,218181.81818181818,218181.81818181818,2872727.2727272734,525000.0,2100000.0,743181.8181818181,4972727.272727273,494488.0012563901,-53213.49082329805,659456.3286149101,441274.5104330921,243998.84158751674,163271.56886024406,80727.27272727268,425410.4431818181,65931.73350085202,146659.0062281247,670356.64360267,0.067035664360267,53213.49082329805,494488.0012563901,568818.0280123624
fast_success_crypto_bull,5,0.0,218181.81818181818,218181.81818181818,3090909.0909090918,525000.0,2625000.0,743181.8181818181,5715909.090909092,519982.6519517708,-18301.093458957097,719863.3766746318,501681.5584928137,266349.4493696138,185622.17664234107,80727.2727272727,506137.7159090908,69331.02026023611,150058.29298750882,820414.9365901789,0.08204149365901789,18301.093458957097,519982.6519517708,67136.46951954876
fast_success_crypto_bull,6,0.0,218181.81818181818,218181.81818181818,3309090.90909091,525000.0,3150000.0,743181.8181818181,6459090.90909091,546781.5387072922,18377.87121201976,783341.2281011301,565159.409919312,289836.2543974181,209108.98167014544,80727.27272727268,586864.9886363635,72904.2051609723,153631.47788824496,974046.4144784238,0.09740464144784237,0.0,67136.46951954876,0.0
fast_success_crypto_bull,7,0.0,218181.81818181818,218181.81818181818,3527272.7272727285,525000.0,3675000.0,743181.8181818181,7202272.727272728,574951.0820696456,56912.79149534792,850045.6917468118,631863.8735649935,314516.9059463204,233789.6332190476,80727.2727272728,667592.2613636364,76660.14427595276,157387.41700322554,1131433.8314816493,0.11314338314816492,0.0,0.0,0.0
fast_success_crypto_bull,8,0.0,218181.81818181818,218181.81818181818,3745454.545454547,525000.0,4200000.0,743181.8181818181,7945454.545454547,604561.0762512474,97397.57874501258,920140.4731780782,701958.6549962601,340451.9750758889,259724.70234861624,80727.27272727268,748319.5340909091,80608.14350016632,161335.416227439,1292769.2477090883,0.12927692477090882,0.0,0.0,0.0
fast_success_crypto_bull,9,0.0,218181.81818181818,218181.81818181818,3963636.363636365,525000.0,4725000.0,743181.8181818181,8688636.363636365,635684.8602213045,139930.89622951037,993797.574632633,775615.7564508149,367705.1026140742,286977.8298868015,80727.2727272727,829046.8068181818,84757.9813628406,165485.2540901133,1458254.5017992016,0.14582545017992016,0.0,0.0,0.0
fast_success_crypto_bull,10,0.0,218181.81818181818,218181.81818181818,4181818.1818181835,525000.0,5250000.0,743181.8181818181,9431818.181818184,668399.4974655984,184616.39957872342,1071197.7152261399,853015.8970443218,396343.15463367174,315615.88190639904,80727.2727272727,909774.0795454545,89119.93299541314,169847.20572268585,1628101.7075218875,0.16281017075218876,0.0,0.0,0.0
fast_success_crypto_bull,11,0.0,218181.81818181818,218181.81818181818,4400000.000000002,525000.0,5775000.0,743181.8181818181,10175000.000000002,702785.9648539668,231562.98939740687,1152530.772433192,934348.9542513737,426436.385800281,345709.11307300825,80727.27272727276,990501.3522727273,93704.79531386225,174432.06804113503,1802533.7755630226,0.18025337755630225,0.0,0.0,0.0
fast_success_crypto_bull,12,0.0,218181.81818181818,218181.81818181818,4618181.81818182,525000.0,6300000.0,743181.8181818181,10918181.81818182,738929.3510766848,280885.07666091557,1237996.2459194185,1019814.4277376004,458058.6109901848,377331.3382629121,80727.2727272727,1071228.625,98523.9134768913,179251.186204164,1981784.9617671866,0.19817849617671868,0.0,0.0,0.0
fast_success_crypto_bull,13,0.0,218181.81818181818,218181.81818181818,4836363.636363639,525000.0,6825000.0,743181.8181818181,11661363.636363639,776919.0651343057,332702.861539958,1327803.744856082,1109621.9266742638,491287.3855967503,410560.1128694776,80727.2727272727,1151955.8977272727,19089443.663232815,19170170.935960088,21151955.897727273,2.1151955897727275,0.0,0.0,0.0
slow_grind,1,2000000.0,218181.81818181818,2218181.8181818184,2218181.8181818184,525000.0,525000.0,2743181.8181818184,2743181.8181818184,395250.0,-2190681.8181818184,422750.0,-1795431.8181818184,156417.5,0.0,156417.5,156417.5,52700.0,209117.5,209117.5,0.02091175,2190681.8181818184,395250.0,1795431.8181818184
slow_grind,2,0.0,218181.81818181818,218181.81818181818,2436363.6363636367,525000.0,1050000.0,743181.8181818181,3486363.6363636367,409494.9374999999,-171178.5681818183,456498.18749999977,238316.3693181816,168904.3293749999,88177.0566477272,80727.27272727272,237144.7727272727,54599.32499999999,135326.59772727272,344444.0977272727,0.03444440977272727,171178.5681818183,409494.9374999999,1557115.4488636367
slow_grind,3,0.0,218181.81818181818,218181.81818181818,2654545.454545455,525000.0,1575000.0,743181.8181818181,4229545.454545455,424248.5735437499,-150986.85345681832,491443.53826874983,273261.7200869316,181834.10915943744,101106.8364321647,80727.27272727275,317872.04545454547,56566.47647249999,137293.74919977275,481737.8469270455,0.04817378469270455,150986.85345681832,424248.5735437499,1283853.728776705
slow_grind,4,0.0,218181.81818181818,218181.81818181818,2872727.2727272734,525000.0,2100000.0,743181.8181818181,4972727.272727273,439528.98223484424,-130082.37120202585,527628.4292146366,309446.6110328184,195222.51880941552,114495.2460821428,80727.27272727272,398599.3181818182,58603.864297979235,139331.13702525196,621068.9839522975,0.062106898395229745,130082.37120202585,439528.98223484424,974407.1177438865
slow_grind,5,0.0,218181.81818181818,218181.81818181818,3090909.0909090918,525000.0,2625000.0,743181.8181818181,5715909.090909092,455354.87803363416,-108439.96072363929,565096.7354918132,346914.91730999487,209085.79213197087,128358.5194046981,80727.27272727276,479326.59090909094,60713.983737817885,141441.25646509064,762510.2404173882,0.07625102404173882,108439.96072363929,455354.87803363416,627492.2004338916
slow_grind,6,0.0,218181.81818181818,218181.81818181818,3309090.90909091,525000.0,3150000.0,743181.8181818181,6459090.90909091,471745.63840863947,-86033.5731553656,603893.8834350919,385712.0652532739,223440.73687098402,142713.46414371135,80727.27272727268,560053.8636363636,62899.41845448526,143626.69118175795,906136.9315991461,0.0906136931599146,86033.5731553656,471745.63840863947,241780.13518061768
slow_grind,7,0.0,218181.81818181818,218181.81818181818,3527272.7272727285,525000.0,3675000.0,743181.8181818181,7202272.727272728,488721.3272884906,-62836.240105932055,644066.9053643767,425885.08718255855,238304.7549848194,157577.48225754665,80727.27272727274,640781.1363636364,65162.84363846542,145890.11636573815,1052027.0479648842,0.10520270479648842,62836.240105932055,304616.37528654974,0.0
slow_grind,8,0.0,218181.81818181818,218181.81818181818,3745454.545454547,525000.0,4200000.0,743181.8181818181,7945454.545454547,506302.71934268123,-38820.041199853236,685664.4963246463,467482.678142828,253695.86364011912,172968.59091284635,80727.27272727276,721508.4090909092,67507.02924569084,148234.3019729636,1200261.3499378478,0.12002613499378478,38820.041199853236,38820.041199853236,0.0
slow_grind,9,0.0,218181.81818181818,218181.81818181818,3963636.363636365,525000.0,4725000.0,743181.8181818181,8688636.363636365,524511.325120403,-13956.070472389867,728737.0728298314,510555.2546480131,269632.7169470376,188905.44421976485,80727.27272727276,802235.6818181819,69934.84334938705,150662.11607665982,1350923.4660145077,0.13509234660145078,13956.070472389867,13956.070472389867,0.0
slow_grind,10,0.0,218181.81818181818,218181.81818181818,4181818.1818181835,525000.0,5250000.0,743181.8181818181,9431818.181818184,543369.4170777766,11785.59842175286,773336.8336813478,555155.0154995294,286134.62846209866,205407.3557348259,80727.27272727276,882962.9545454546,72449.25561037022,153176.528337643,1504099.9943521507,0.15040999943521507,0.0,0.0,0.0
slow_grind,11,0.0,218181.81818181818,218181.81818181818,4400000.000000002,525000.0,5775000.0,743181.8181818181,10175000.000000002,562900.0565248581,38435.94822785893,819517.8229345353,601336.004752717,303221.59448577807,222494.32175850528,80727.2727272728,963690.2272727274,75053.34086998108,155780.61359725386,1659880.6079494045,0.16598806079494044,0.0,0.0,0.0
slow_grind,12,0.0,218181.81818181818,218181.81818181818,4618181.81818182,525000.0,6300000.0,743181.8181818181,10918181.81818182,583127.1215249061,66027.05538212025,867335.9950888446,649154.1769070264,320914.3181828725,240187.0454555998,80727.2727272727,1044417.5000000001,77750.28286998748,158477.5555972602,1818358.1635466646,0.18183581635466647,0.0,0.0,0.0
slow_grind,13,0.0,218181.81818181818,218181.81818181818,4836363.636363639,525000.0,6825000.0,743181.8181818181,11661363.636363639,604075.3357795505,94592.12861892738,916849.282580296,698667.4643984779,339234.2345547095,258506.96182743684,80727.27272727268,1125144.7727272727,80543.37810394006,161270.65083121276,1979628.8143778774,0.19796288143778773,0.0,0.0,0.0
slow_grind,14,0.0,218181.81818181818,218181.81818181818,5054545.454545457,525000.0,7350000.0,743181.8181818181,12404545.454545457,625770.2985346799,124165.54894099344,968117.6656574914,749935.8474756733,358203.5362932718,277476.2635659991,80727.2727272727,1205872.0454545454,83436.03980462399,164163.3125318967,2143792.1269097743,0.21437921269097743,0.0,0.0,0.0
slow_grind,15,0.0,218181.81818181818,218181.81818181818,5272727.272727275,525000.0,7875000.0,743181.8181818181,13147727.272727275,648238.5155431076,154782.91100042866,1021203.2447253545,803021.4265435364,377845.20054838114,297117.92782110843,80727.2727272727,1286599.3181818181,19062079.91854477,19142807.191272043,21286599.318181816,2.1286599318181816,0.0,0.0,0.0
hedge_fund_failure_re_survival,1,2000000.0,218181.81818181818,2218181.8181818184,2218181.8181818184,525000.0,525000.0,2743181.8181818184,2743181.8181818184,457087.5,-2105681.8181818184,569587.5,-1648594.3181818184,210747.375,0.0,210747.375,210747.375,60945.0,271692.375,271692.375,0.0271692375,2105681.8181818184,457087.5,1648594.3181818184
hedge_fund_failure_re_survival,2,0.0,218181.81818181818,218181.81818181818,2436363.6363636367,525000.0,1050000.0,743181.8181818181,3486363.6363636367,478316.25,-76675.56818181818,619822.5,401640.6818181818,229334.325,148607.05227272728,80727.27272727274,291474.6477272727,63775.5,144502.77272727274,416195.1477272727,0.04161951477272727,76675.56818181818,478316.25,1246953.6363636365
hedge_fund_failure_re_survival,3,0.0,218181.81818181818,218181.81818181818,2654545.454545455,525000.0,1575000.0,743181.8181818181,4229545.454545455,500521.68984375003,-46349.53380681813,672353.9742187501,454172.1560369319,248770.97046093756,168043.6977336648,80727.27272727276,372201.92045454547,66736.22531250001,147463.4980397728,563658.6457670454,0.05636586457670455,46349.53380681813,500521.68984375003,792781.4803267044
hedge_fund_failure_re_survival,4,0.0,218181.81818181818,218181.81818181818,2872727.2727272734,525000.0,2100000.0,743181.8181818181,4972727.272727273,523748.5284621095,-14643.66486775555,727286.681776172,509104.86359435396,269096.07225718367,188368.79952991096,80727.2727272727,452929.1931818182,69833.13712828128,150560.409855554,714219.0556225994,0.07142190556225994,14643.66486775555,523748.5284621095,283676.61673235043
hedge_fund_failure_re_survival,5,0.0,218181.81818181818,218181.81818181818,3090909.0909090918,525000.0,2625000.0,743181.8181818181,5715909.090909092,548043.5157808659,18504.82110803417,784730.1550707184,566548.3368889,290350.1573761658,209622.884648893,80727.2727272728,533656.4659090909,73072.46877078211,153799.7414980549,868018.7971206544,0.08680187971206543,0.0,283676.61673235043,0.0
hedge_fund_failure_re_survival,6,0.0,218181.81818181818,218181.81818181818,3309090.90909091,525000.0,3150000.0,743181.8181818181,6459090.90909091,573455.5357544689,53161.56319572235,844798.9171320093,626617.0989501912,312575.5993388434,231848.32661157072,80727.2727272727,614383.7386363636,76460.73810059586,157188.01082786857,1025206.807948523,0.1025206807948523,0.0,0.0,0.0
hedge_fund_failure_re_survival,7,0.0,218181.81818181818,218181.81818181818,3527272.7272727285,525000.0,3675000.0,743181.8181818181,7202272.727272728,600035.7036370104,89395.18704840058,907612.708867229,689430.8906854109,335816.7022808748,255089.42955360204,80727.27272727274,695111.0113636364,80004.76048493473,160732.03321220746,1185938.8411607305,0.11859388411607305,0.0,0.0,0.0
hedge_fund_failure_re_survival,8,0.0,218181.81818181818,218181.81818181818,3745454.545454547,525000.0,4200000.0,743181.8181818181,7945454.545454547,627837.4676833502,127277.44078637537,973296.7266515438,755114.9084697256,360119.78886107117,279392.51613379846,80727.2727272727,775838.2840909091,83711.66235778003,164438.93508505274,1350377.776245783,0.1350377776245783,0.0,0.0,0.0
hedge_fund_failure_re_survival,9,0.0,218181.81818181818,218181.81818181818,3963636.363636365,525000.0,4725000.0,743181.8181818181,8688636.363636365,656916.7154820699,166883.33706942812,1041981.870733316,823800.0525514979,385533.29217132693,304806.0194440542,80727.2727272727,856565.5568181818,87588.89539760932,168316.16812488204,1518693.9443706651,0.1518693944370665,0.0,0.0,0.0
hedge_fund_failure_re_survival,10,0.0,218181.81818181818,218181.81818181818,4181818.1818181835,525000.0,5250000.0,743181.8181818181,9431818.181818184,687331.8851311095,208291.3016333598,1113805.0049462875,895623.1867644694,412107.85183012637,331380.57910285366,80727.2727272727,937292.8295454545,91644.2513508146,172371.5240780873,1691065.4684487525,0.16910654684487525,0.0,0.0,0.0
hedge_fund_failure_re_survival,11,0.0,218181.81818181818,218181.81818181818,4400000.000000002,525000.0,5775000.0,743181.8181818181,10175000.000000002,719144.0814765454,251583.32858495024,1188909.2282433137,970727.4100614956,439896.41445002606,359169.14172275335,80727.2727272727,1018020.1022727272,95885.87753020607,176613.15025747876,1867678.6187062312,0.18676786187062314,0.0,0.0,0.0
hedge_fund_failure_re_survival,12,0.0,218181.81818181818,218181.81818181818,4618181.81818182,525000.0,6300000.0,743181.8181818181,10918181.81818182,752417.1976449981,296845.1427628382,1267444.1585896546,1049262.3404078363,468954.3386781722,388227.0659508994,80727.27272727282,1098747.375,100322.2930193331,181049.56574660592,2048728.184452837,0.2048728184452837,0.0,0.0,0.0
hedge_fund_failure_re_survival,13,0.0,218181.81818181818,218181.81818181818,4836363.636363639,525000.0,6825000.0,743181.8181818181,11661363.636363639,787218.0421106473,344166.3694858201,1349566.2297782856,1131384.4115964675,499339.5050179657,418612.232290693,80727.2727272727,1179474.6477272727,104962.40561475298,185689.67834202567,2234417.8627948626,0.22344178627948627,0.0,0.0,0.0
hedge_fund_failure_re_survival,14,0.0,218181.81818181818,218181.81818181818,5054545.454545457,525000.0,7350000.0,743181.8181818181,12404545.454545457,823616.4715488033,393640.7120246975,1435439.001755319,1217257.1835735007,531112.4306494681,450385.15792219527,80727.27272727282,1260201.9204545454,109815.52953984044,190542.80226711326,2424960.665061976,0.2424960665061976,0.0,0.0,0.0
hedge_fund_failure_re_survival,15,0.0,218181.81818181818,218181.81818181818,5272727.272727275,525000.0,7875000.0,743181.8181818181,13147727.272727275,861685.5297394483,445366.13714909385,1525233.4850703604,1307051.6668885422,564336.3894760333,483609.1167487606,80727.27272727265,1340929.1931818181,114891.40396525979,195618.67669253243,2620579.341754508,0.2620579341754508,0.0,0.0,0.0
hedge_fund_failure_re_survival,16,0.0,218181.81818181818,218181.81818181818,5490909.090909094,525000.0,8400000.0,743181.8181818181,13890909.090909094,901501.5927961473,499445.0691166501,1619128.4800946154,1400946.6619127975,599077.5376350076,518350.26490773505,80727.27272727259,1421656.4659090908,120200.21237281965,200927.48510009225,2821506.8268546006,0.28215068268546006,0.0,0.0,0.0
hedge_fund_failure_re_survival,17,0.0,218181.81818181818,218181.81818181818,5709090.909090912,525000.0,8925000.0,743181.8181818181,14634090.909090912,943144.5210082647,555984.5924887303,1717310.931678813,1499129.113496995,635405.0447211608,554677.7719938882,80727.27272727259,1502383.7386363633,125752.60280110197,206479.87552837457,3027986.7023829753,0.30279867023829754,0.0,0.0,0.0
hedge_fund_failure_re_survival,18,0.0,218181.81818181818,218181.81818181818,5927272.72727273,525000.0,9450000.0,743181.8181818181,15377272.72727273,986697.817597531,615096.6641742403,1819976.2999535892,1601794.4817717713,673391.230982828,592663.9582555554,80727.27272727259,1583111.0113636358,18474397.03625339,18555124.308980662,21583111.011363637,2.1583111011363636,0.0,0.0,0.0
real_estate_distress_crypto_success,1,2000000.0,218181.81818181818,2218181.8181818184,2218181.8181818184,525000.0,525000.0,2743181.8181818184,2743181.8181818184,271575.0,-2360681.8181818184,129075.0,-2089106.8181818184,47757.75,0.0,47757.75,47757.75,36210.0,83967.75,83967.75,0.008396775,2360681.8181818184,271575.0,2089106.8181818184
real_estate_distress_crypto_success,2,0.0,218181.81818181818,218181.81818181818,2436363.6363636367,525000.0,1050000.0,743181.8181818181,3486363.6363636367,260645.0625,-375867.0681818182,102959.8125,-115222.00568181818,38095.130625,0.0,38095.130625,85852.88062499999,34752.675,72847.80562500001,156815.555625,0.0156815555625,375867.0681818182,260645.0625,2204328.8238636367
real_estate_distress_crypto_success,3,0.0,218181.81818181818,218181.81818181818,2654545.454545455,525000.0,1575000.0,743181.8181818181,4229545.454545455,250153.49581875,-390449.4637568182,77885.85024375003,-140295.9679380682,28817.76459018751,0.0,28817.76459018751,114670.6452151875,33353.7994425,62171.564032687515,218987.11965768752,0.02189871196576875,390449.4637568182,250153.49581875,2344624.791801705
real_estate_distress_crypto_success,4,0.0,218181.81818181818,218181.81818181818,2872727.2727272734,525000.0,2100000.0,743181.8181818181,4972727.272727273,240082.76306574562,-404452.9382274907,53811.64302007307,-164370.17516174508,19910.307917427035,0.0,19910.307917427035,134580.95313261452,32011.035075432752,51921.34299285979,270908.4626505473,0.027090846265054733,404452.9382274907,240082.76306574562,2508994.96696345
real_estate_distress_crypto_success,5,0.0,218181.81818181818,218181.81818181818,3090909.0909090918,525000.0,2625000.0,743181.8181818181,5715909.090909092,230416.02757210546,-417900.47476167756,30697.370992246084,-187484.4471895721,11358.02726713105,0.0,11358.02726713105,145938.98039974557,30722.13700961406,42080.16427674511,312988.62692729244,0.031298862692729246,417900.47476167756,230416.02757210546,2696479.4141530218
real_estate_distress_crypto_success,6,0.0,218181.81818181818,218181.81818181818,3309090.90909091,525000.0,3150000.0,743181.8181818181,6459090.90909091,221137.1249715608,-430814.1440954571,8504.79905792186,-209677.0191238963,3146.775651431088,0.0,3146.775651431088,149085.75605117666,29484.94999620811,32631.7256476392,345620.35257493163,0.034562035257493164,430814.1440954571,221137.1249715608,2906156.4332769183
real_estate_distress_crypto_success,7,0.0,218181.81818181818,218181.81818181818,3527272.7272727285,525000.0,3675000.0,743181.8181818181,7202272.727272728,212230.53639343573,-443215.14075668564,-12802.78618143173,-230984.6043632499,0.0,0.0,0.0,149085.75605117666,28297.404852458098,28297.404852458098,373917.75742738973,0.03739177574273898,443215.14075668564,212230.53639343573,3137141.0376401683
real_estate_distress_crypto_success,8,0.0,218181.81818181818,218181.81818181818,3745454.545454547,525000.0,4200000.0,743181.8181818181,7945454.545454547,203681.3627233648,-455123.81785046344,-33260.63694528048,-251442.45512709866,0.0,0.0,0.0,149085.75605117666,27157.51502978197,27157.51502978197,401075.2724571717,0.04010752724571717,455123.81785046344,203681.3627233648,3388583.492767267
real_estate_distress_crypto_success,9,0.0,218181.81818181818,218181.81818181818,3963636.363636365,525000.0,4725000.0,743181.8181818181,8688636.363636365,195475.29988925322,-466559.7204636182,-52902.60239254683,-271084.420574365,0.0,0.0,0.0,149085.75605117666,26063.373318567097,26063.373318567097,427138.6457757388,0.04271386457757388,466559.7204636182,195475.29988925322,3659667.913341632
real_estate_distress_crypto_success,10,0.0,218181.81818181818,218181.81818181818,4181818.1818181835,525000.0,5250000.0,743181.8181818181,9431818.181818184,187598.6151316757,-477541.6177430308,-71761.18442953692,-289943.00261135504,0.0,0.0,0.0,149085.75605117666,25013.14868422343,25013.14868422343,452151.7944599622,0.04521517944599622,477541.6177430308,187598.6151316757,3949610.915952987
real_estate_distress_crypto_success,11,0.0,218181.81818181818,218181.81818181818,4400000.000000002,525000.0,5775000.0,743181.8181818181,10175000.000000002,180038.12421953326,-488087.5337004506,-89867.59129909921,-308049.4094809174,0.0,0.0,0.0,149085.75605117666,24005.083229271102,24005.083229271102,476156.87768923334,0.04761568776892333,488087.5337004506,180038.12421953326,4257660.325433904
real_estate_distress_crypto_success,12,0.0,218181.81818181818,218181.81818181818,4618181.81818182,525000.0,6300000.0,743181.8181818181,10918181.81818182,172781.1695733453,-498214.7767943609,-107251.78903919744,-325433.6072210156,0.0,0.0,0.0,149085.75605117666,23037.489276446042,23037.489276446042,499194.3669656794,0.04991943669656794,498214.7767943609,172781.1695733453,4583093.93265492
real_estate_distress_crypto_success,13,0.0,218181.81818181818,218181.81818181818,4836363.636363639,525000.0,6825000.0,743181.8181818181,11661363.636363639,165815.59926005118,-507939.968337443,-123942.55089557369,-342124.3690773918,0.0,0.0,0.0,149085.75605117666,22108.746568006827,22108.746568006827,521303.1135336862,0.05213031135336862,507939.968337443,165815.59926005118,4925218.301732312
real_estate_distress_crypto_success,14,0.0,218181.81818181818,218181.81818181818,5054545.454545457,525000.0,7350000.0,743181.8181818181,12404545.454545457,159129.7468246318,-517279.0697762648,-139967.50476981478,-358149.322951633,0.0,0.0,0.0,149085.75605117666,21217.299576617574,21217.299576617574,542520.4131103038,0.05425204131103038,517279.0697762648,159129.7468246318,5283367.624683945
real_estate_distress_crypto_success,15,0.0,218181.81818181818,218181.81818181818,5272727.272727275,525000.0,7875000.0,743181.8181818181,13147727.272727275,152712.4119252424,-526247.4088879651,-155353.17878090462,-373534.99696272274,0.0,0.0,0.0,149085.75605117666,20361.654923365655,20361.654923365655,562882.0680336695,0.05628820680336695,526247.4088879651,152712.4119252424,5656902.621646668
real_estate_distress_crypto_success,16,0.0,218181.81818181818,218181.81818181818,5490909.090909094,525000.0,8400000.0,743181.8181818181,13890909.090909094,146552.84173987238,-534859.7049369311,-170125.0450152406,-388306.8631970588,0.0,0.0,0.0,149085.75605117666,19540.37889864965,19540.37889864965,582422.4469323191,0.05824224469323191,534859.7049369311,146552.84173987238,6045209.484843726
real_estate_distress_crypto_success,17,0.0,218181.81818181818,218181.81818181818,5709090.909090912,525000.0,8925000.0,743181.8181818181,14634090.909090912,140640.71311381966,-543130.0928327532,-184307.56153711537,-402489.37971893355,0.0,0.0,0.0,149085.75605117666,18752.09508184262,18752.09508184262,601174.5420141617,0.06011745420141617,543130.0928327532,140640.71311381966,6447698.86456266
real_estate_distress_crypto_success,18,0.0,218181.81818181818,218181.81818181818,5927272.72727273,525000.0,9450000.0,743181.8181818181,15377272.72727273,134966.1154184906,-551072.1463291111,-197924.2127288023,-416106.03091062047,0.0,0.0,0.0,149085.75605117666,17995.48205579875,17995.48205579875,619170.0240699605,0.06191700240699605,551072.1463291111,134966.1154184906,6863804.895473281
real_estate_distress_crypto_success,19,0.0,218181.81818181818,218181.81818181818,6145454.545454549,525000.0,9975000.0,743181.8181818181,16120454.545454549,129519.53409320742,-558698.9003016637,-210997.548026638,-429179.3662084562,0.0,0.0,0.0,149085.75605117666,17269.271212427655,17269.271212427655,636439.2952823881,0.06364392952823882,558698.9003016637,129519.53409320742,7292984.261681736
real_estate_distress_crypto_success,20,0.0,218181.81818181818,218181.81818181818,6363636.363636367,525000.0,10500000.0,743181.8181818181,16863636.363636367,124291.83484283306,-566022.8721415058,-223549.21911685448,-441731.0372986728,0.0,0.0,0.0,149085.75605117666,16572.244645711075,16572.244645711075,653011.5399280991,0.06530115399280992,566022.8721415058,124291.83484283306,7734715.298980409
exceptional_dynasty_outcome,1,2000000.0,218181.81818181818,2218181.8181818184,2218181.8181818184,525000.0,525000.0,2743181.8181818184,2743181.8181818184,517012.5,-2020681.8181818184,714512.5,-1503669.3181818184,264369.625,0.0,264369.625,264369.625,68935.0,333304.625,333304.625,0.0333304625,2020681.8181818184,517012.5,1503669.3181818184
exceptional_dynasty_outcome,2,0.0,218181.81818181818,218181.81818181818,2436363.6363636367,525000.0,1050000.0,743181.8181818181,3486363.6363636367,581782.5000000001,68330.18181818194,868294.5000000002,650112.6818181821,321268.9650000001,240541.69227272738,80727.2727272727,345096.8977272727,77571.00000000001,158298.2727272727,491602.8977272727,0.049160289772727274,0.0,581782.5000000001,921886.8181818182
exceptional_dynasty_outcome,3,0.0,218181.81818181818,218181.81818181818,2654545.454545455,525000.0,1575000.0,743181.8181818181,4229545.454545455,654618.0888000001,168308.460218182,1041108.3672000002,822926.5490181821,385210.0958640001,304482.8231367274,80727.2727272727,425824.1704545454,87282.41184000002,168009.68456727272,659612.5822945454,0.06596125822945453,0.0,654618.0888000001,267268.7293818181
exceptional_dynasty_outcome,4,0.0,218181.81818181818,218181.81818181818,2872727.2727272734,525000.0,2100000.0,743181.8181818181,4972727.272727273,736519.8209241601,280604.0625170619,1235305.7016230403,1017123.8834412219,457063.1096005249,376335.8368732521,80727.27272727276,506551.4431818182,98202.64278988802,178929.91551716079,838542.4978117062,0.08385424978117062,0.0,267268.7293818181,0.0
exceptional_dynasty_outcome,5,0.0,218181.81818181818,218181.81818181818,3090909.0909090918,525000.0,2625000.0,743181.8181818181,5715909.090909092,828612.0691327367,406734.483019164,1453528.3703337188,1235346.5521519007,537805.4970234759,457078.22429620323,80727.2727272727,587278.7159090908,110481.60921769822,191208.88194497093,1029751.3797566771,0.10297513797566771,0.0,0.0,0.0
exceptional_dynasty_outcome,6,0.0,218181.81818181818,218181.81818181818,3309090.90909091,525000.0,3150000.0,743181.8181818181,6459090.90909091,932158.3228222674,548404.1713271253,1698744.3123312108,1480562.4941493927,628535.395562548,547808.1228352753,80727.2727272727,668005.9886363635,124287.77637630234,205015.04910357506,1234766.4288602523,0.12347664288602522,0.0,0.0,0.0
exceptional_dynasty_outcome,7,0.0,218181.81818181818,218181.81818181818,3527272.7272727285,525000.0,3675000.0,743181.8181818181,7202272.727272728,1048578.3747081389,707527.5652346276,1974287.7581245843,1756105.9399427664,730486.4705060961,649759.1977788236,80727.27272727259,748733.2613636361,139810.4499610852,220537.72268835778,1455304.15154861,0.145530415154861,0.0,0.0,0.0
exceptional_dynasty_outcome,8,0.0,218181.81818181818,218181.81818181818,3745454.545454547,525000.0,4200000.0,743181.8181818181,7945454.545454547,1179467.628707483,886254.9612715335,2283904.4081608346,2065722.5899790165,845044.6310195088,764317.3582922361,80727.2727272727,829460.5340909088,157262.35049433107,237989.62322160378,1693293.7747702138,0.16932937747702137,0.0,0.0,0.0
exceptional_dynasty_outcome,9,0.0,218181.81818181818,218181.81818181818,3963636.363636365,525000.0,4725000.0,743181.8181818181,8688636.363636365,1326618.7906583704,1087001.5725001867,2631802.181340375,2413620.363158557,973766.8070959387,893039.5343686661,80727.27272727259,910187.8068181814,19136166.759320695,19216894.03204797,20910187.806818184,2.0910187806818183,0.0,0.0,0.0
liquidity_trap,1,2000000.0,218181.81818181818,2218181.8181818184,2218181.8181818184,525000.0,525000.0,2743181.8181818184,2743181.8181818184,425212.5,-2148181.8181818184,495212.5,-1722969.3181818184,183228.625,0.0,183228.625,183228.625,56695.0,239923.625,239923.625,0.0239923625,2148181.8181818184,425212.5,1722969.3181818184
liquidity_trap,2,0.0,218181.81818181818,218181.81818181818,2436363.6363636367,525000.0,1050000.0,743181.8181818181,3486363.6363636367,469302.0000000001,-87432.31818181806,600051.5000000002,381869.68181818206,222019.05500000008,141291.78227272735,80727.27272727274,263955.8977272727,62573.60000000001,143300.87272727274,383224.49772727274,0.03832244977272727,87432.31818181806,469302.0000000001,1341099.6363636362
liquidity_trap,3,0.0,218181.81818181818,218181.81818181818,2654545.454545455,525000.0,1575000.0,743181.8181818181,4229545.454545455,517940.3092125001,-20480.294231818116,715641.8331625,497460.014980682,264787.478270125,184060.20554285235,80727.27272727265,344683.17045454535,69058.70789500001,149785.98062227265,533010.4783495454,0.05330104783495454,20480.294231818116,517940.3092125001,843639.6213829542
liquidity_trap,4,0.0,218181.81818181818,218181.81818181818,2872727.2727272734,525000.0,2100000.0,743181.8181818181,4972727.272727273,571595.1700464713,53307.53136347694,843084.5195917664,624902.7014099483,311941.2722489536,231213.99952168087,80727.2727272727,425410.44318181806,76212.68933952952,156939.96206680223,689950.4404163476,0.06899504404163476,0.0,571595.1700464713,272044.4513364829
liquidity_trap,5,0.0,218181.81818181818,218181.81818181818,3090909.0909090918,525000.0,2625000.0,743181.8181818181,5715909.090909092,630782.3130400274,134629.09395205177,983593.2251738973,765411.4069920792,363929.493314342,283202.2205870693,80727.2727272727,506137.71590909077,84104.308405337,164831.5811326097,854782.0215489573,0.08547820215489574,0.0,272044.4513364829,0.0
liquidity_trap,6,0.0,218181.81818181818,218181.81818181818,3309090.90909091,525000.0,3150000.0,743181.8181818181,6459090.90909091,696070.3726624522,224253.58808091976,1138505.7789251902,920323.9607433719,421247.1382023204,340519.8654750476,80727.27272727276,586864.9886363635,92809.3830216603,173536.65574893306,1028318.6772978904,0.10283186772978904,0.0,0.0,0.0
liquidity_trap,7,0.0,218181.81818181818,218181.81818181818,3527272.7272727285,525000.0,3675000.0,743181.8181818181,7202272.727272728,768086.3061545994,323028.74306034547,1309296.867396763,1091115.049214945,484439.8409368023,403712.5682095296,80727.2727272727,667592.2613636362,102411.50748727993,183138.78021455265,1211457.457512443,0.1211457457512443,0.0,0.0,0.0
liquidity_trap,8,0.0,218181.81818181818,218181.81818181818,3745454.545454547,525000.0,4200000.0,743181.8181818181,7945454.545454547,847521.3668473265,431888.84136317036,1497592.026392315,1279410.208210497,554109.0497651566,473381.7770378839,80727.2727272727,748319.534090909,113002.84891297687,193730.12164024956,1405187.5791526926,0.14051875791526927,0.0,0.0,0.0
liquidity_trap,9,0.0,218181.81818181818,218181.81818181818,3963636.363636365,525000.0,4725000.0,743181.8181818181,8688636.363636365,935137.688655185,551863.555702714,1705183.0625397172,1487001.244357899,630917.7331396954,550190.4604124227,80727.2727272727,829046.8068181816,124685.02515402467,205412.29788129736,1610599.8770339899,0.161059987703399,0.0,0.0,0.0
liquidity_trap,10,0.0,218181.81818181818,218181.81818181818,4181818.1818181835,525000.0,5250000.0,743181.8181818181,9431818.181818184,1031775.5442373182,684087.6883763247,1934045.050795461,1715863.232613643,715596.6687943205,634869.3960670478,80727.2727272727,909774.0795454544,137570.07256497577,218297.34529224847,1828897.2223262384,0.18288972223262384,0.0,0.0,0.0
liquidity_trap,11,0.0,218181.81818181818,218181.81818181818,4400000.000000002,525000.0,5775000.0,743181.8181818181,10175000.000000002,1138361.3457043178,829811.9049959113,2186355.068882047,1968173.250700229,808951.3754863575,728224.1027590848,80727.2727272727,990501.3522727271,19080876.857219215,19161604.12994649,20990501.352272727,2.0990501352272726,0.0,0.0,0.0
failure_never_reaches_hurdle,1,2000000.0,218181.81818181818,2218181.8181818184,2218181.8181818184,525000.0,525000.0,2743181.8181818184,2743181.8181818184,271575.0,-2360681.8181818184,129075.0,-2089106.8181818184,47757.75,0.0,47757.75,47757.75,36210.0,83967.75,83967.75,0.008396775,2360681.8181818184,271575.0,2089106.8181818184
failure_never_reaches_hurdle,2,0.0,218181.81818181818,218181.81818181818,2436363.6363636367,525000.0,1050000.0,743181.8181818181,3486363.6363636367,268859.25,-364506.8181818182,122534.25,-95647.56818181818,45337.6725,0.0,45337.6725,93095.4225,35847.9,81185.57250000001,165153.3225,0.01651533225,364506.8181818182,268859.25,2184754.3863636367
failure_never_reaches_hurdle,3,0.0,218181.81818181818,218181.81818181818,2654545.454545455,525000.0,1575000.0,743181.8181818181,4229545.454545455,266170.65750000003,-368293.5681818182,116058.90749999997,-102122.91068181815,42941.79577499999,0.0,42941.79577499999,136037.218275,35489.421,78431.216775,243584.539275,0.0243584539275,368293.5681818182,266170.65750000003,2286877.297045455
failure_never_reaches_hurdle,4,0.0,218181.81818181818,218181.81818181818,2872727.2727272734,525000.0,2100000.0,743181.8181818181,4972727.272727273,263508.950925,-372042.4506818182,109648.31842499995,-108533.49975681817,40569.87781724998,0.0,40569.87781724998,176607.09609224997,35134.526789999996,75704.40460724998,319288.94388225,0.031928894388225,372042.4506818182,263508.950925,2395410.796802273
failure_never_reaches_hurdle,5,0.0,218181.81818181818,218181.81818181818,3090909.0909090918,525000.0,2625000.0,743181.8181818181,5715909.090909092,260873.86141575,-375753.8443568182,103301.83524074999,-114879.98294106819,38221.6790390775,0.0,38221.6790390775,214828.77513132745,34783.1815221,73004.8605611775,392293.8044434275,0.039229380444342744,375753.8443568182,260873.86141575,2510290.7797433413
failure_never_reaches_hurdle,6,0.0,218181.81818181818,218181.81818181818,3309090.90909091,525000.0,3150000.0,743181.8181818181,6459090.90909091,258265.12280159246,-379428.1240950682,97018.81688834238,-121163.00129347574,35896.96224868668,0.0,35896.96224868668,250725.73738001412,34435.349706878995,70332.31195556567,462626.1163989932,0.046262611639899316,379428.1240950682,258265.12280159246,2631453.781036817
failure_never_reaches_hurdle,7,0.0,218181.81818181818,218181.81818181818,3527272.7272727285,525000.0,3675000.0,743181.8181818181,7202272.727272728,255682.47157357656,-383065.6610359357,90798.62871945905,-127383.18946235912,33595.49262619985,0.0,33595.49262619985,284321.230006214,34090.99620981021,67686.48883601006,530312.6052350033,0.05303126052350033,383065.6610359357,255682.47157357656,2758836.9704991765
failure_never_reaches_hurdle,8,0.0,218181.81818181818,218181.81818181818,3745454.545454547,525000.0,4200000.0,743181.8181818181,7945454.545454547,253125.6468578408,-386666.82260739454,84640.6424322644,-133541.17574955375,31317.037699937828,0.0,31317.037699937828,315638.2677061518,33750.086247712105,65067.12394764993,595379.7291826532,0.059537972918265326,386666.82260739454,253125.6468578408,2892378.14624873
failure_never_reaches_hurdle,9,0.0,218181.81818181818,218181.81818181818,3963636.363636365,525000.0,4725000.0,743181.8181818181,8688636.363636365,250594.3903892624,-390231.97256313876,78544.23600794189,-139637.58217387635,29061.3673229385,0.0,29061.3673229385,344699.63502909034,33412.58538523499,62473.952708173485,657853.6818908267,0.06578536818908266,390231.97256313876,250594.3903892624,3032015.7284226064
failure_never_reaches_hurdle,10,0.0,218181.81818181818,218181.81818181818,4181818.1818181835,525000.0,5250000.0,743181.8181818181,9431818.181818184,248088.44648536976,-393761.47101932555,72508.79364786239,-145673.0245339558,26828.253649709084,0.0,26828.253649709084,371527.88867879944,33078.459531382636,59906.71318109172,717760.3950719184,0.07177603950719184,393761.47101932555,248088.44648536976,3177688.752956562
failure_never_reaches_hurdle,11,0.0,218181.81818181818,218181.81818181818,4400000.000000002,525000.0,5775000.0,743181.8181818181,10175000.000000002,245607.56202051608,-397255.6744909505,66533.70571138384,-151648.1124704344,24617.47111321202,0.0,24617.47111321202,396145.35979201144,32747.67493606881,57365.14604928083,775125.5411211993,0.07751255411211992,397255.6744909505,245607.56202051608,3329336.8654269967
failure_never_reaches_hurdle,12,0.0,218181.81818181818,218181.81818181818,4618181.81818182,525000.0,6300000.0,743181.8181818181,10918181.81818182,243151.48640031088,-400714.93592785916,60618.36865426996,-157563.44952754828,22428.796402079883,0.0,22428.796402079883,418574.1561940913,32420.19818670812,54848.994588788,829974.5357099873,0.08299745357099873,400714.93592785916,243151.48640031088,3486900.314954545
failure_never_reaches_hurdle,13,0.0,218181.81818181818,218181.81818181818,4836363.636363639,525000.0,6825000.0,743181.8181818181,11661363.636363639,240719.97153630783,-404139.6047503987,54762.184967727284,-163419.6332140909,20262.008438059096,0.0,20262.008438059096,438836.1646321504,32095.996204841045,52358.00464290014,882332.5403528875,0.08823325403528874,404139.6047503987,240719.97153630783,3650319.9481686354
failure_never_reaches_hurdle,14,0.0,218181.81818181818,218181.81818181818,5054545.454545457,525000.0,7350000.0,743181.8181818181,12404545.454545457,238312.77182094473,-407530.0268847129,48964.56311804999,-169217.25506376819,18116.888353678496,0.0,18116.888353678496,456953.0529858289,31775.036242792634,49891.92459647113,932224.4649493586,0.09322244649493586,407530.0268847129,238312.77182094473,3819537.2032324034
failure_never_reaches_hurdle,15,0.0,218181.81818181818,218181.81818181818,5272727.272727275,525000.0,7875000.0,743181.8181818181,13147727.272727275,235929.64410273527,-410886.54479768395,43224.9174868695,-174956.90069494868,15993.219470141714,0.0,15993.219470141714,472946.2724559706,31457.285880364707,47450.50535050642,979674.970299865,0.0979674970299865,410886.54479768395,235929.64410273527,3994494.1039273515
failure_never_reaches_hurdle,16,0.0,218181.81818181818,218181.81818181818,5490909.090909094,525000.0,8400000.0,743181.8181818181,13890909.090909094,233570.3476617079,-414209.4975315253,37542.66831200081,-180639.14986981743,13890.7872754403,0.0,13890.7872754403,486837.0597314109,31142.713021561056,45033.50029700136,1024708.4705968663,0.10247084705968663,414209.4975315253,233570.3476617079,4175133.2537971693
failure_never_reaches_hurdle,17,0.0,218181.81818181818,218181.81818181818,5709090.909090912,525000.0,8925000.0,743181.8181818181,14634090.909090912,231234.64418509084,-417499.22073802823,31917.241628880845,-186264.5765529374,11809.379402685912,0.0,11809.379402685912,498646.4391340968,30831.285891345447,42640.66529403136,1067349.1358908976,0.10673491358908976,417499.22073802823,231234.64418509084,4361397.8303501075
failure_never_reaches_hurdle,18,0.0,218181.81818181818,218181.81818181818,5927272.72727273,525000.0,9450000.0,743181.8181818181,15377272.72727273,228922.29774323993,-420756.04671246617,26348.069212591974,-191833.74896922623,9748.785608659031,0.0,9748.785608659031,508395.2247427558,30522.973032431993,40271.75864109102,1107620.8945319885,0.11076208945319885,420756.04671246617,228922.29774323993,4553231.579319334
failure_never_reaches_hurdle,19,0.0,218181.81818181818,218181.81818181818,6145454.545454549,525000.0,9975000.0,743181.8181818181,16120454.545454549,226633.07476580748,-423980.3044271597,20834.588520465884,-197347.22966135223,7708.797752572377,0.0,7708.797752572377,516104.0224953282,30217.74330210767,37926.54105468005,1145547.4355866686,0.11455474355866685,423980.3044271597,226633.07476580748,4750578.808980687
failure_never_reaches_hurdle,20,0.0,218181.81818181818,218181.81818181818,6363636.363636367,525000.0,10500000.0,743181.8181818181,16863636.363636367,224366.74401814945,-427172.3195647063,15376.242635261267,-202805.57554655685,5689.209775046669,0.0,5689.209775046669,521793.2322703749,29915.565869086593,35604.77564413326,1181152.211230802,0.11811522112308019,427172.3195647063,224366.74401814945,4953384.384527244
jon_base_case,1,2000000.0,218181.81818181818,2218181.8181818184,2218181.8181818184,525000.0,525000.0,2743181.8181818184,2743181.8181818184,0.0,-2188181.8181818184,30000.0,-2188181.8181818184,11100.0,0.0,11100.0,11100.0,0.0,11100.0,11100.0,0.00111,2188181.8181818184,0.0,2188181.8181818184
jon_base_case,2,0.0,218181.81818181818,218181.81818181818,2436363.6363636367,525000.0,1050000.0,743181.8181818181,3486363.6363636367,0.0,-63181.81818181818,155000.0,-63181.81818181818,57350.0,0.0,57350.0,68450.0,0.0,57350.0,68450.0,0.006845,63181.81818181818,0.0,2251363.6363636367
jon_base_case,3,0.0,218181.81818181818,218181.81818181818,2654545.454545455,525000.0,1575000.0,743181.8181818181,4229545.454545455,34450.0,61818.18181818182,314450.0,96268.18181818182,116346.5,35619.22727272727,80727.27272727274,149177.27272727274,82680.0,163407.27272727274,231857.27272727274,0.023185727272727275,0.0,34450.0,2216913.6363636367
jon_base_case,4,0.0,218181.81818181818,218181.81818181818,2872727.2727272734,525000.0,2100000.0,743181.8181818181,4972727.272727273,75700.0,186818.18181818182,480700.0,262518.1818181818,177859.0,97131.72727272728,80727.27272727272,229904.54545454547,181680.0,262407.2727272727,494264.5454545454,0.049426454545454544,0.0,75700.0,2141213.6363636367
jon_base_case,5,0.0,218181.81818181818,218181.81818181818,3090909.0909090918,525000.0,2625000.0,743181.8181818181,5715909.090909092,98646.0,214718.18181818182,531546.0,313364.1818181818,196672.02,115944.74727272727,80727.27272727272,310631.8181818182,236750.4,317477.67272727273,811742.2181818181,0.08117422181818182,0.0,98646.0,2042567.6363636367
jon_base_case,6,0.0,218181.81818181818,218181.81818181818,3309090.90909091,525000.0,3150000.0,743181.8181818181,6459090.90909091,105542.88,243455.18181818182,567179.8799999999,348998.0618181818,209856.55559999996,129129.28287272727,80727.27272727269,391359.0909090909,253302.912,334030.1847272727,1145772.4029090907,0.11457724029090907,0.0,105542.88,1937024.7563636368
jon_base_case,7,0.0,218181.81818181818,218181.81818181818,3527272.7272727285,525000.0,3675000.0,743181.8181818181,7202272.727272728,112646.6664,273054.2918181818,603882.7764000001,385700.9582181818,223436.62726800004,142709.35454072728,80727.27272727276,472086.36363636365,270351.99936,351079.2720872728,1496851.6749963635,0.14968516749963634,0.0,112646.6664,1824378.0899636368
jon_base_case,8,0.0,218181.81818181818,218181.81818181818,3745454.545454547,525000.0,4200000.0,743181.8181818181,7945454.545454547,119963.56639200004,303541.375118182,641686.7596920002,423504.941510182,237424.1010860401,156696.82835876732,80727.27272727276,552813.6363636365,287912.5593408001,368639.83206807286,1865491.5070644363,0.18654915070644362,0.0,119963.56639200004,1704414.5235716368
jon_base_case,9,0.0,218181.81818181818,218181.81818181818,3963636.363636365,525000.0,4725000.0,743181.8181818181,8688636.363636365,127499.97338376,334943.07091718185,680624.8624827601,462443.04430094187,251831.19911862124,171103.92639134848,80727.27272727276,633540.9090909092,305999.936121024,386727.2088482968,2252218.715912733,0.22522187159127333,0.0,127499.97338376,1576914.5501878767
jon_base_case,10,0.0,218181.81818181818,218181.81818181818,4181818.1818181835,525000.0,5250000.0,743181.8181818181,9431818.181818184,135262.4725852728,367286.81759015186,720731.1083572428,502549.29017542466,266670.5100921798,185943.2373649071,80727.2727272727,714268.1818181819,324629.9342046547,405357.2069319274,2657575.9228446605,0.26575759228446605,0.0,135262.4725852728,1441652.077602604
jon_base_case,11,0.0,218181.81818181818,218181.81818181818,4400000.000000002,525000.0,5775000.0,743181.8181818181,10175000.000000002,143257.84676283103,400600.8766633111,762040.5416079604,543858.7234261421,281955.0003949453,201227.7276676726,80727.27272727274,794995.4545454546,18056692.25897352,18137419.531700794,20794995.454545453,2.0794995454545453,0.0,143257.84676283103,1298394.2308397728
jon_downside_case,1,2000000.0,218181.81818181818,2218181.8181818184,2218181.8181818184,525000.0,525000.0,2743181.8181818184,2743181.8181818184,0.0,-2308181.8181818184,-90000.0,-2308181.8181818184,0.0,0.0,0.0,0.0,0.0,0.0,0.0,0.0,2308181.8181818184,0.0,2308181.8181818184
jon_downside_case,2,0.0,218181.81818181818,218181.81818181818,2436363.6363636367,525000.0,1050000.0,743181.8181818181,3486363.6363636367,0.0,-243181.81818181818,-25000.0,-243181.81818181818,0.0,0.0,0.0,0.0,0.0,0.0,0.0,0.0,243181.81818181818,0.0,2551363.6363636367
jon_downside_case,3,0.0,218181.81818181818,218181.81818181818,2654545.454545455,525000.0,1575000.0,743181.8181818181,4229545.454545455,0.0,-178181.81818181818,40000.0,-178181.81818181818,14800.0,0.0,14800.0,14800.0,0.0,14800.0,14800.0,0.00148,178181.81818181818,0.0,2729545.454545455
jon_downside_case,4,0.0,218181.81818181818,218181.81818181818,2872727.2727272734,525000.0,2100000.0,743181.8181818181,4972727.272727273,0.0,-113181.81818181818,105000.0,-113181.81818181818,38850.0,0.0,38850.0,53650.0,0.0,38850.0,53650.0,0.005365,113181.81818181818,0.0,2842727.2727272734
jon_downside_case,5,0.0,218181.81818181818,218181.81818181818,3090909.0909090918,525000.0,2625000.0,743181.8181818181,5715909.090909092,23312.5,-48181.81818181818,193312.5,-24869.318181818177,71525.625,0.0,71525.625,125175.625,55950.0,127475.625,181125.625,0.0181125625,48181.81818181818,23312.5,2867596.5909090918
jon_downside_case,6,0.0,218181.81818181818,218181.81818181818,3309090.90909091,525000.0,3150000.0,743181.8181818181,6459090.90909091,35463.125,-41231.81818181818,212413.125,-5768.6931818181765,78592.85625,0.0,78592.85625,203768.48125,85111.5,163704.35625,344829.98125,0.034482998125000004,41231.81818181818,35463.125,2873365.28409091
jon_downside_case,7,0.0,218181.81818181818,218181.81818181818,3527272.7272727285,525000.0,3675000.0,743181.8181818181,7202272.727272728,37130.25625,-34212.31818181818,221099.75624999998,2917.938068181822,81806.90981249999,1079.6370852272742,80727.2727272727,284495.7539772727,89112.61499999999,169839.8877272727,514669.8689772727,0.051466986897727274,34212.31818181818,37130.25625,2870447.3460227284
jon_downside_case,8,0.0,218181.81818181818,218181.81818181818,3745454.545454547,525000.0,4200000.0,743181.8181818181,7945454.545454547,38814.058812500014,-27122.62318181811,229873.25381250004,11691.435630681903,85053.10391062501,4325.831183352304,80727.2727272727,365223.0267045454,93153.74115000003,173881.01387727272,688550.8828545455,0.06885508828545454,27122.62318181811,38814.058812500014,2858755.9103920464
jon_downside_case,9,0.0,218181.81818181818,218181.81818181818,3963636.363636365,525000.0,4725000.0,743181.8181818181,8688636.363636365,40514.699400624995,-19962.031231818197,238734.48635062494,20552.6681688068,88331.75994973123,7604.487222458515,80727.27272727272,445950.29943181813,97235.27856149999,177962.55128877272,866513.4341433182,0.08665134341433182,19962.031231818197,40514.699400624995,2838203.2422232395
jon_downside_case,10,0.0,218181.81818181818,218181.81818181818,4181818.1818181835,525000.0,5250000.0,743181.8181818181,9431818.181818184,42232.34639463128,-12729.833362318052,247684.33121413144,29502.513032313225,91643.20254922863,10915.929821955893,80727.27272727274,526677.5721590909,101357.63134711506,182084.9040743878,1048598.338217706,0.1048598338217706,12729.833362318052,42232.34639463128,2808700.7291909265
jon_downside_case,11,0.0,218181.81818181818,218181.81818181818,4400000.000000002,525000.0,5775000.0,743181.8181818181,10175000.000000002,43967.169858577596,-5425.3135141230305,256723.6745262727,38541.856344454565,94987.7595747209,14260.486847448188,80727.2727272727,607404.8448863636,105521.20766058622,186248.48038785893,1234846.818605565,0.1234846818605565,5425.3135141230305,43967.169858577596,2770158.872846472
jon_downside_case,12,0.0,218181.81818181818,218181.81818181818,4618181.81818182,525000.0,6300000.0,743181.8181818181,10918181.81818182,45719.34155716333,1952.2515325537533,265853.4112715352,47671.593089717084,98365.76217046802,17638.48944319532,80727.2727272727,688132.1176136363,109726.41973719199,190453.6924644647,1425300.5110700298,0.14253005110700298,0.0,45719.34155716333,2724439.531289309
jon_downside_case,13,0.0,218181.81818181818,218181.81818181818,4836363.636363639,525000.0,6825000.0,743181.8181818181,11661363.636363639,47489.03497273499,9403.592229697562,275074.4453842507,56892.62720243255,101777.54479217276,21050.272064900044,80727.27272727272,768859.390340909,113973.68393456397,194700.9566618367,1620001.4677318665,0.16200014677318667,0.0,47489.03497273499,2676950.4963165736
jon_downside_case,14,0.0,218181.81818181818,218181.81818181818,5054545.454545457,525000.0,7350000.0,743181.8181818181,12404545.454545457,49276.42532246231,16929.446333812608,284387.6898380931,66205.87165627492,105223.44524009446,24496.17251282172,80727.27272727274,849586.6630681817,118263.42077390954,198990.69350118228,1818992.161233049,0.1818992161233049,0.0,49276.42532246231,2627674.0709941112
jon_downside_case,15,0.0,218181.81818181818,218181.81818181818,5272727.272727275,525000.0,7875000.0,743181.8181818181,13147727.272727275,51081.68957568694,24530.55897896894,293794.06673647405,75612.24855465587,108703.8046924954,27976.53196522267,80727.27272727272,930313.9357954544,122596.05498164866,203323.3277089214,2022315.4889419703,0.20223154889419703,0.0,51081.68957568694,2576592.381418424
jon_downside_case,16,0.0,218181.81818181818,218181.81818181818,5490909.090909094,525000.0,8400000.0,743181.8181818181,13890909.090909094,52905.00647144381,32207.682750576816,303294.5074038388,85112.68922202062,112218.96773942036,31491.69501214763,80727.27272727274,1011041.2085227271,126972.01553146515,207699.28825873788,2230014.777200708,0.2230014777200708,0.0,52905.00647144381,2523687.3749469803
jon_downside_case,17,0.0,218181.81818181818,218181.81818181818,5709090.909090912,525000.0,8925000.0,743181.8181818181,14634090.909090912,54746.55653615825,39961.57775990077,312889.95247787714,94708.13429605903,115769.28241681455,35042.00968954184,80727.2727272727,1091768.4812499997,131391.73568677978,212119.00841405249,2442133.7856147606,0.24421337856147607,0.0,54746.55653615825,2468940.818410822
jon_downside_case,18,0.0,218181.81818181818,218181.81818181818,5927272.72727273,525000.0,9450000.0,743181.8181818181,15377272.72727273,56606.522101519855,47793.01171931805,322581.3520026561,104399.53382083791,119355.10024098275,38627.82751371003,80727.27272727272,1172495.7539772724,135855.65304364765,216582.92577092035,2658716.711385681,0.2658716711385681,0.0,56606.522101519855,2412334.2963093026
jon_downside_case,19,0.0,218181.81818181818,218181.81818181818,6145454.545454549,525000.0,9975000.0,743181.8181818181,16120454.545454549,58485.08732253508,55702.76001832954,332369.66552268283,114187.84734086462,122976.77624339264,42249.50351611991,80727.27272727274,1253223.0267045451,18513779.04259159,18594506.315318864,21253223.026704546,2.1253223026704546,0.0,58485.08732253508,2353849.2089867676
jon_property_shock_25,1,2000000.0,218181.81818181818,2218181.8181818184,2218181.8181818184,525000.0,525000.0,2743181.8181818184,2743181.8181818184,0.0,-2188181.8181818184,30000.0,-2188181.8181818184,11100.0,0.0,11100.0,11100.0,0.0,11100.0,11100.0,0.00111,2188181.8181818184,0.0,2188181.8181818184
jon_property_shock_25,2,0.0,218181.81818181818,218181.81818181818,2436363.6363636367,525000.0,1050000.0,743181.8181818181,3486363.6363636367,0.0,-63181.81818181818,155000.0,-63181.81818181818,57350.0,0.0,57350.0,68450.0,0.0,57350.0,68450.0,0.006845,63181.81818181818,0.0,2251363.6363636367
jon_property_shock_25,3,0.0,218181.81818181818,218181.81818181818,2654545.454545455,525000.0,1575000.0,743181.8181818181,4229545.454545455,49825.0,61818.18181818182,329825.0,111643.18181818182,122035.25,41307.97727272727,80727.27272727274,149177.27272727274,119580.0,200307.27272727274,268757.2727272727,0.02687572727272727,0.0,49825.0,2201538.6363636367
jon_property_shock_25,4,0.0,218181.81818181818,218181.81818181818,2872727.2727272734,525000.0,2100000.0,743181.8181818181,4972727.272727273,91075.0,186818.18181818182,496075.0,277893.1818181818,183547.75,102820.47727272728,80727.27272727272,229904.54545454547,218580.0,299307.2727272727,568064.5454545454,0.05680645454545454,0.0,91075.0,2110463.6363636367
jon_property_shock_25,5,0.0,218181.81818181818,218181.81818181818,3090909.0909090918,525000.0,2625000.0,743181.8181818181,5715909.090909092,114021.0,214718.18181818182,546921.0,328739.1818181818,202360.77,121633.49727272727,80727.27272727272,310631.8181818182,273650.39999999997,354377.6727272727,922442.218181818,0.0922442218181818,0.0,114021.0,1996442.6363636367
jon_property_shock_25,6,0.0,218181.81818181818,218181.81818181818,3309090.90909091,525000.0,3150000.0,743181.8181818181,6459090.90909091,120917.88,243455.18181818182,582554.8799999999,364373.0618181818,215545.30559999996,134818.0328727273,80727.27272727268,391359.0909090908,290202.912,370930.1847272727,1293372.4029090907,0.12933724029090907,0.0,120917.88,1875524.7563636368
jon_property_shock_25,7,0.0,218181.81818181818,218181.81818181818,3527272.7272727285,525000.0,3675000.0,743181.8181818181,7202272.727272728,128021.6664,273054.2918181818,619257.7764000001,401075.9582181818,229125.37726800004,148398.10454072728,80727.27272727276,472086.3636363636,307251.99936,387979.2720872728,1681351.6749963635,0.16813516749963633,0.0,128021.6664,1747503.0899636368
jon_property_shock_25,8,0.0,218181.81818181818,218181.81818181818,3745454.545454547,525000.0,4200000.0,743181.8181818181,7945454.545454547,135338.56639200004,303541.375118182,657061.7596920002,438879.941510182,243112.8510860401,162385.57835876732,80727.27272727276,552813.6363636364,324812.5593408001,405539.83206807286,2086891.5070644363,0.20868915070644364,0.0,135338.56639200004,1612164.5235716368
jon_property_shock_25,9,0.0,218181.81818181818,218181.81818181818,3963636.363636365,525000.0,4725000.0,743181.8181818181,8688636.363636365,142874.97338376,334943.07091718185,695999.8624827601,477818.04430094187,257519.94911862124,176792.67639134848,80727.27272727276,633540.9090909092,342899.93612102396,423627.2088482967,2510518.715912733,0.25105187159127335,0.0,142874.97338376,1469289.5501878767
jon_property_shock_25,10,0.0,218181.81818181818,218181.81818181818,4181818.1818181835,525000.0,5250000.0,743181.8181818181,9431818.181818184,150637.4725852728,367286.81759015186,736106.1083572428,517924.29017542466,272359.2600921798,191631.9873649071,80727.2727272727,714268.1818181819,361529.9342046547,442257.2069319274,2952775.9228446605,0.29527759228446604,0.0,150637.4725852728,1318652.077602604
jon_property_shock_25,11,0.0,218181.81818181818,218181.81818181818,4400000.000000002,525000.0,5775000.0,743181.8181818181,10175000.000000002,158632.84676283103,400600.8766633111,777415.5416079604,559233.7234261421,287643.7503949453,206916.4776676726,80727.27272727274,794995.4545454546,17761492.25897352,17842219.531700794,20794995.454545453,2.0794995454545453,0.0,158632.84676283103,1160019.2308397728
jon_property_shock_40,1,2000000.0,218181.81818181818,2218181.8181818184,2218181.8181818184,525000.0,525000.0,2743181.8181818184,2743181.8181818184,0.0,-2188181.8181818184,30000.0,-2188181.8181818184,11100.0,0.0,11100.0,11100.0,0.0,11100.0,11100.0,0.00111,2188181.8181818184,0.0,2188181.8181818184
jon_property_shock_40,2,0.0,218181.81818181818,218181.81818181818,2436363.6363636367,525000.0,1050000.0,743181.8181818181,3486363.6363636367,0.0,-63181.81818181818,155000.0,-63181.81818181818,57350.0,0.0,57350.0,68450.0,0.0,57350.0,68450.0,0.006845,63181.81818181818,0.0,2251363.6363636367
jon_property_shock_40,3,0.0,218181.81818181818,218181.81818181818,2654545.454545455,525000.0,1575000.0,743181.8181818181,4229545.454545455,73000.0,61818.18181818182,353000.0,134818.18181818182,130610.0,49882.72727272727,80727.27272727274,149177.27272727274,175200.0,255927.27272727274,324377.2727272727,0.03243772727272727,0.0,73000.0,2178363.6363636367
jon_property_shock_40,4,0.0,218181.81818181818,218181.81818181818,2872727.2727272734,525000.0,2100000.0,743181.8181818181,4972727.272727273,114250.0,186818.18181818182,519250.0,301068.1818181818,192122.5,111395.22727272728,80727.27272727272,229904.54545454547,274200.0,354927.2727272727,679304.5454545454,0.06793045454545454,0.0,114250.0,2064113.6363636367
jon_property_shock_40,5,0.0,218181.81818181818,218181.81818181818,3090909.0909090918,525000.0,2625000.0,743181.8181818181,5715909.090909092,137196.0,214718.18181818182,570096.0,351914.1818181818,210935.52,130208.24727272727,80727.27272727272,310631.8181818182,329270.39999999997,409997.6727272727,1089302.218181818,0.10893022181818181,0.0,137196.0,1926917.6363636367
jon_property_shock_40,6,0.0,218181.81818181818,218181.81818181818,3309090.90909091,525000.0,3150000.0,743181.8181818181,6459090.90909091,144092.88,243455.18181818182,605729.8799999999,387548.0618181818,224120.05559999996,143392.7828727273,80727.27272727268,391359.0909090908,345822.912,426550.1847272727,1515852.4029090907,0.15158524029090908,0.0,144092.88,1782824.7563636368
jon_property_shock_40,7,0.0,218181.81818181818,218181.81818181818,3527272.7272727285,525000.0,3675000.0,743181.8181818181,7202272.727272728,151196.6664,273054.2918181818,642432.7763999999,424250.9582181818,237700.12726799995,156972.85454072728,80727.27272727268,472086.36363636353,362871.99935999996,443599.2720872726,1959451.6749963635,0.19594516749963634,0.0,151196.6664,1631628.0899636368
jon_property_shock_40,8,0.0,218181.81818181818,218181.81818181818,3745454.545454547,525000.0,4200000.0,743181.8181818181,7945454.545454547,158513.56639200004,303541.375118182,680236.7596920002,462054.941510182,251687.6010860401,170960.32835876732,80727.27272727276,552813.6363636362,380432.5593408001,461159.83206807286,2420611.5070644366,0.24206115070644366,0.0,158513.56639200004,1473114.5235716368
jon_property_shock_40,9,0.0,218181.81818181818,218181.81818181818,3963636.363636365,525000.0,4725000.0,743181.8181818181,8688636.363636365,166049.97338376,334943.07091718185,719174.8624827601,500993.04430094187,266094.69911862124,185367.42639134848,80727.27272727276,633540.909090909,398519.93612102396,479247.2088482967,2899858.715912733,0.2899858715912733,0.0,166049.97338376,1307064.5501878767
jon_property_shock_40,10,0.0,218181.81818181818,218181.81818181818,4181818.1818181835,525000.0,5250000.0,743181.8181818181,9431818.181818184,173812.4725852728,367286.81759015186,759281.1083572428,541099.2901754247,280934.0100921798,200206.7373649071,80727.2727272727,714268.1818181816,417149.9342046547,497877.2069319274,3397735.9228446605,0.339773592284466,0.0,173812.4725852728,1133252.077602604
jon_property_shock_40,11,0.0,218181.81818181818,218181.81818181818,4400000.000000002,525000.0,5775000.0,743181.8181818181,10175000.000000002,181807.84676283103,400600.8766633111,800590.5416079604,582408.7234261421,296218.5003949453,215491.2276676726,80727.27272727274,794995.4545454544,436338.8322307945,517066.1049580672,3914802.0278027277,0.3914802027802728,0.0,181807.84676283103,951444.2308397728
jon_property_shock_40,12,0.0,218181.81818181818,218181.81818181818,4618181.81818182,525000.0,6300000.0,743181.8181818181,10918181.81818182,190043.08216571598,434914.3575086651,843139.2578561993,624957.4396743812,311961.52540679375,231234.25267952104,80727.2727272727,875722.7272727271,16880193.42674273,16960920.699470002,20875722.72727273,2.087572272727273,0.0,190043.08216571598,761401.1486740569
five_million_fund,1,2000000.0,218181.81818181818,2218181.8181818184,2218181.8181818184,525000.0,525000.0,2743181.8181818184,2743181.8181818184,39000.0,-2578181.8181818184,-321000.0,-2539181.8181818184,0.0,0.0,0.0,0.0,93600.0,93600.0,93600.0,0.00936,2578181.8181818184,39000.0,2539181.8181818184
five_million_fund,2,0.0,218181.81818181818,218181.81818181818,2436363.6363636367,525000.0,1050000.0,743181.8181818181,3486363.6363636367,41444.625,-568133.3181818181,-308506.875,-526688.6931818181,0.0,0.0,0.0,0.0,99467.09999999999,99467.09999999999,193067.09999999998,0.019306709999999998,568133.3181818181,41444.625,3065870.5113636367
five_million_fund,3,0.0,218181.81818181818,218181.81818181818,2654545.454545455,525000.0,1575000.0,743181.8181818181,4229545.454545455,44040.213412499994,-557472.8645318182,-295250.83293750003,-513432.6511193182,0.0,0.0,0.0,0.0,105696.51218999998,105696.51218999998,298763.61218999996,0.029876361218999996,557472.8645318182,44040.213412499994,3579303.162482955
five_million_fund,4,0.0,218181.81818181818,218181.81818181818,2872727.2727272734,525000.0,2100000.0,743181.8181818181,4972727.272727273,46796.02148182125,-546163.1892545333,-281185.3495908937,-499367.167772712,0.0,0.0,0.0,0.0,112310.45155637099,112310.45155637099,411074.06374637096,0.0411074063746371,546163.1892545333,46796.02148182125,4078670.3302556667
five_million_fund,5,0.0,218181.81818181818,218181.81818181818,3090909.0909090918,525000.0,2625000.0,743181.8181818181,5715909.090909092,49721.871034739175,-534164.7547528616,-266261.06553630414,-484442.8837181224,0.0,0.0,0.0,0.0,119332.49048337401,119332.49048337401,530406.554229745,0.053040655422974495,534164.7547528616,49721.871034739175,4563113.213973789
five_million_fund,6,0.0,218181.81818181818,218181.81818181818,3309090.90909091,525000.0,3150000.0,743181.8181818181,6459090.90909091,52828.18398077003,-521435.61559003807,-250425.61342744983,-468607.43160926807,0.0,0.0,0.0,0.0,126787.64155384807,126787.64155384807,657194.195783593,0.0657194195783593,521435.61559003807,52828.18398077003,5031720.645583056
five_million_fund,7,0.0,218181.81818181818,218181.81818181818,3527272.7272727285,525000.0,3675000.0,743181.8181818181,7202272.727272728,56126.01891521464,-507931.2718521986,-233623.43475516577,-451805.25293698395,0.0,0.0,0.0,0.0,134702.44539651513,134702.44539651513,791896.6411801081,0.0791896641180108,507931.2718521986,56126.01891521464,5483525.89852004
five_million_fund,8,0.0,218181.81818181818,218181.81818181818,3745454.545454547,525000.0,4200000.0,743181.8181818181,7945454.545454547,59627.109953067404,-493604.5135807248,-215795.58544583915,-433977.4036276574,0.0,0.0,0.0,0.0,143105.06388736176,143105.06388736176,935001.7050674699,0.09350017050674699,493604.5135807248,59627.109953067404,5917503.302147698
five_million_fund,9,0.0,218181.81818181818,218181.81818181818,3963636.363636365,525000.0,4725000.0,743181.8181818181,8688636.363636365,63343.90792970289,-478405.2557305181,-196879.529618997,-415061.3478008152,0.0,0.0,0.0,0.0,152025.37903128692,152025.37903128692,1087027.0840987568,0.10870270840987568,478405.2557305181,63343.90792970289,6332564.649948513
five_million_fund,10,0.0,218181.81818181818,218181.81818181818,4181818.1818181835,525000.0,5250000.0,743181.8181818181,9431818.181818184,67289.62411253026,-462280.36307723395,-176808.9207828855,-394990.7389647037,0.0,0.0,0.0,0.0,161495.0978700726,161495.0978700726,1248522.1819688294,0.12485221819688294,462280.36307723395,67289.62411253026,6727555.388913216
five_million_fund,11,0.0,218181.81818181818,218181.81818181818,4400000.000000002,525000.0,5775000.0,743181.8181818181,10175000.000000002,71478.2765765891,-445173.4644613647,-155513.36970295745,-373695.18788477563,0.0,0.0,0.0,0.0,171547.8637838138,171547.8637838138,1420070.0457526431,0.1420070045752643,445173.4644613647,71478.2765765891,7101250.576797992
five_million_fund,12,0.0,218181.81818181818,218181.81818181818,4618181.81818182,525000.0,6300000.0,743181.8181818181,10918181.81818182,75924.73940637725,-427024.75571978913,-132918.1981315937,-351100.0163134119,0.0,0.0,0.0,0.0,8579929.954247357,8579929.954247357,10000000.0,1.0,427024.75571978913,75924.73940637725,7452350.593111404
jon_upside_case,1,2000000.0,218181.81818181818,2218181.8181818184,2218181.8181818184,525000.0,525000.0,2743181.8181818184,2743181.8181818184,0.0,-2088181.8181818184,130000.0,-2088181.8181818184,48100.0,0.0,48100.0,48100.0,0.0,48100.0,48100.0,0.00481,2088181.8181818184,0.0,2088181.8181818184
jon_upside_case,2,0.0,218181.81818181818,218181.81818181818,2436363.6363636367,525000.0,1050000.0,743181.8181818181,3486363.6363636367,53312.5,126818.18181818182,398312.5,180130.68181818182,147375.625,66648.35227272728,80727.27272727272,128827.27272727272,127950.0,208677.2727272727,256777.2727272727,0.025677727272727272,0.0,53312.5,2034869.3181818184
jon_upside_case,3,0.0,218181.81818181818,218181.81818181818,2654545.454545455,525000.0,1575000.0,743181.8181818181,4229545.454545455,116968.75,341818.1818181818,676968.75,458786.9318181818,250478.4375,169751.16477272726,80727.27272727274,209554.54545454547,280725.0,361452.2727272727,618229.5454545454,0.06182295454545454,0.0,116968.75,1917900.5681818184
jon_upside_case,4,0.0,218181.81818181818,218181.81818181818,2872727.2727272734,525000.0,2100000.0,743181.8181818181,4972727.272727273,127547.5,385218.1818181818,730947.5,512765.6818181818,270450.575,189723.30227272728,80727.27272727274,290281.81818181823,306114.0,386841.2727272727,1005070.8181818181,0.10050708181818181,0.0,127547.5,1790353.0681818184
jon_upside_case,5,0.0,218181.81818181818,218181.81818181818,3090909.0909090918,525000.0,2625000.0,743181.8181818181,5715909.090909092,154799.40000000005,430354.18181818206,803335.4000000004,585153.5818181821,297234.0980000001,216506.82527272738,80727.27272727274,371009.09090909094,371518.5600000001,452245.8327272729,1457316.6509090909,0.1457316650909091,0.0,154799.40000000005,1635553.6681818182
jon_upside_case,6,0.0,218181.81818181818,218181.81818181818,3309090.90909091,525000.0,3150000.0,743181.8181818181,6459090.90909091,166241.37600000005,477295.621818182,861718.8160000001,643536.997818182,318835.96192000003,238108.68919272732,80727.2727272727,451736.36363636365,398979.3024000001,479706.5751272728,1937023.2260363637,0.19370232260363637,0.0,166241.37600000005,1469312.2921818183
jon_upside_case,7,0.0,218181.81818181818,218181.81818181818,3527272.7272727285,525000.0,3675000.0,743181.8181818181,7202272.727272728,178141.03104000003,526114.719418182,922437.5686400002,704255.7504581821,341301.9003968001,260574.62766952737,80727.2727272727,532463.6363636364,427538.47449600004,508265.74722327275,2445288.9732596367,0.24452889732596367,0.0,178141.03104000003,1291171.2611418182
jon_upside_case,8,0.0,218181.81818181818,218181.81818181818,3745454.545454547,525000.0,4200000.0,743181.8181818181,7945454.545454547,190516.6722816,576886.580922182,985585.0713856001,767403.253203782,364666.476412672,283939.2036853993,80727.2727272727,613190.9090909091,18087174.663103998,18167901.93583127,20613190.909090906,2.0613190909090906,0.0,190516.6722816,1100654.5888602182
