scenario,year,bonus_depreciation,straight_line_depreciation,total_depreciation,cumulative_depreciation,interest_deduction,cumulative_interest_deduction,total_deductions,cumulative_deductions,hf_stcg,re_taxable_income,total_taxable_income_no_benefit,total_taxable_income_with_benefit,tax_no_benefit,tax_with_benefit,tax_savings,cumulative_tax_savings,lp_cash_distributions,after_tax_cash_ideal,cumulative_after_tax_cash_ideal,after_tax_moic_ideal,passive_loss_generated,passive_loss_used,passive_loss_carryforward
base_hit_everyone_happy,1,3450000.0,376363.63636363635,3826363.6363636362,3826363.6363636362,905625.0,905625.0,4731988.636363637,4731988.636363637,455175.0,-4094488.6363636362,187050.0,-3639313.6363636362,69208.5,0.0,69208.5,69208.5,60690.0,129898.5,129898.5,0.01298985,4094488.6363636362,455175.0,3639313.6363636362
base_hit_everyone_happy,2,0.0,376363.63636363635,376363.63636363635,4202727.2727272725,905625.0,1811250.0,1281988.6363636362,6013977.272727273,485813.2499999999,-602413.6363636365,259763.24999999977,-116600.38636363659,96112.40249999991,0.0,96112.40249999991,165320.9024999999,64775.09999999999,160887.5024999999,290786.0024999999,0.02907860024999999,602413.6363636365,485813.2499999999,3755914.0227272725
base_hit_everyone_happy,3,0.0,376363.63636363635,376363.63636363635,4579090.909090909,905625.0,2716875.0,1281988.6363636362,7295965.90909091,518497.49249999993,-557561.6863636365,337299.4424999999,-39064.19386363658,124800.79372499995,0.0,124800.79372499995,290121.69622499985,69132.999,193933.79272499995,484719.79522499983,0.048471979522499986,557561.6863636365,518497.49249999993,3794978.2165909093
base_hit_everyone_happy,4,0.0,376363.63636363635,376363.63636363635,4955454.545454546,905625.0,3622500.0,1281988.6363636362,8577954.545454547,553363.7177249999,-509749.5076636366,419977.84642499965,43614.210061363294,155391.80317724988,16137.257722704418,139254.54545454547,429376.2416795453,73781.82902999998,213036.37448454543,697756.1697095453,0.06977561697095454,509749.5076636366,553363.7177249999,3751364.006529546
base_hit_everyone_happy,5,0.0,376363.63636363635,376363.63636363635,5331818.181818183,905625.0,4528125.0,1281988.6363636362,9859943.181818184,590556.9294436497,-458781.7251694368,508138.8406378492,131775.20427421294,188011.3710360042,48756.82558145879,139254.5454545454,568630.7871340907,78740.92392581997,217995.4693803654,915751.6390899108,0.09157516390899108,458781.7251694368,590556.9294436497,3619588.8022553325
base_hit_everyone_happy,6,0.0,376363.63636363635,376363.63636363635,5708181.818181819,905625.0,5433750.0,1281988.6363636362,11141931.81818182,630231.7413896825,-404450.0690306197,602145.3087226991,225781.67235906282,222793.76422739864,83539.21877285324,139254.5454545454,707885.3325886361,84030.89885195767,223285.44430650308,1139037.0833964138,0.11390370833964138,404450.0690306197,630231.7413896825,3393807.1298962696
base_hit_everyone_happy,7,0.0,376363.63636363635,376363.63636363635,6084545.454545456,905625.0,6339375.0,1281988.6363636362,12423920.454545457,672553.0131082635,-346532.5235866407,702384.1258852591,326020.4895216228,259882.12657754586,120627.58112300042,139254.54545454544,847139.8780431815,89673.73508110181,228928.28053564724,1367965.363932061,0.1367965363932061,346532.5235866407,672553.0131082635,3067786.6403746465
base_hit_everyone_happy,8,0.0,376363.63636363635,376363.63636363635,6460909.090909093,905625.0,7245000.0,1281988.6363636362,13705909.090909094,717696.5278317456,-284792.4201433589,809267.7440520232,432904.1076883867,299429.06529924856,160174.51984470309,139254.54545454547,986394.4234977269,95692.87037756608,234947.41583211155,1602912.7797641726,0.16029127797641726,284792.4201433589,717696.5278317456,2634882.5326862596
base_hit_everyone_happy,9,0.0,376363.63636363635,376363.63636363635,6837272.727272729,905625.0,8150625.0,1281988.6363636362,14987897.72727273,765849.7151613107,-218977.46987282054,923235.8816521266,546872.2452884902,341597.27621128684,202342.73075674137,139254.54545454547,1125648.9689522723,102113.29535484145,241367.84080938692,1844280.6205735595,0.18442806205735596,218977.46987282054,765849.7151613107,2088010.2873977695
base_hit_everyone_happy,10,0.0,376363.63636363635,376363.63636363635,7213636.363636366,905625.0,9056250.0,1281988.6363636362,16269886.363636367,817212.4215143342,-148818.73288442672,1044757.3249935438,668393.6886299074,386560.2102476112,247305.66479306575,139254.54545454547,1264903.5144068177,108961.65620191123,248216.2016564567,2092496.8222300163,0.20924968222300164,148818.73288442672,817212.4215143342,1419616.5987678622
base_hit_everyone_happy,11,0.0,376363.63636363635,376363.63636363635,7590000.000000003,905625.0,9961875.0,1281988.6363636362,17551875.000000004,871997.731492752,-74029.51925479912,1174331.8486015892,797968.2122379529,434502.783982588,295248.23852804257,139254.5454545454,1404158.0598613631,116266.36419903359,255520.909653579,2348017.731883595,0.2348017731883595,74029.51925479912,871997.731492752,621648.3865299092
base_hit_everyone_happy,12,0.0,376363.63636363635,376363.63636363635,7966363.6363636395,905625.0,10867500.0,1281988.6363636362,18833863.63636364,930432.8435360844,5695.782474384294,1312492.262374105,936128.6260104687,485622.1370784188,346367.5916238734,139254.5454545454,1543412.6053159086,19056140.32797777,19195394.873432316,21543412.605315913,2.1543412605315915,0.0,621648.3865299092,0.0
fast_success_crypto_bull,1,3450000.0,376363.63636363635,3826363.6363636362,3826363.6363636362,905625.0,905625.0,4731988.636363637,4731988.636363637,425212.5,-4136988.6363636362,114587.5,-3711776.1363636362,42397.375,0.0,42397.375,42397.375,56695.0,99092.375,99092.375,0.0099092375,4136988.6363636362,425212.5,3711776.1363636362
fast_success_crypto_bull,2,0.0,376363.63636363635,376363.63636363635,4202727.2727272725,905625.0,1811250.0,1281988.6363636362,6013977.272727273,447161.625,-656881.6363636364,166643.625,-209720.01136363635,61658.14125,0.0,61658.14125,104055.51625,59621.55,121279.69125,220372.06625,0.022037206625,656881.6363636364,447161.625,3921496.1477272725
fast_success_crypto_bull,3,0.0,376363.63636363635,376363.63636363635,4579090.909090909,905625.0,2716875.0,1281988.6363636362,7295965.90909091,470234.37690000003,-625251.2221636364,221346.79110000003,-155016.84526363632,81898.312707,0.0,81898.312707,185953.828957,62697.91692,144596.229627,364968.29587699997,0.036496829587699994,625251.2221636364,470234.37690000003,4076512.9929909087
fast_success_crypto_bull,4,0.0,376363.63636363635,376363.63636363635,4955454.545454546,905625.0,3622500.0,1281988.6363636362,8577954.545454547,494488.0012563901,-592020.3090051162,278831.32861491013,-97532.3077487261,103167.59158751674,0.0,103167.59158751674,289121.42054451676,65931.73350085202,169099.32508836876,534067.6209653687,0.05340676209653687,592020.3090051162,494488.0012563901,4174045.3007396352
fast_success_crypto_bull,5,0.0,376363.63636363635,376363.63636363635,5331818.181818183,905625.0,4528125.0,1281988.6363636362,9859943.181818184,519982.6519517708,-557107.9116407753,339238.37667463184,-37125.25968900445,125518.19936961378,0.0,125518.19936961378,414639.61991413054,69331.02026023611,194849.2196298499,728916.8405952186,0.07289168405952186,557107.9116407753,519982.6519517708,4211170.560428639
fast_success_crypto_bull,6,0.0,376363.63636363635,376363.63636363635,5708181.818181819,905625.0,5433750.0,1281988.6363636362,11141931.81818182,546781.5387072922,-520428.9469697984,402716.2281011301,26352.591737493756,149005.00439741815,9750.45894287269,139254.54545454547,553894.165368676,72904.2051609723,212158.75061551778,941075.5912107364,0.09410755912107364,520428.9469697984,546781.5387072922,4184817.9686911455
fast_success_crypto_bull,7,0.0,376363.63636363635,376363.63636363635,6084545.454545456,905625.0,6339375.0,1281988.6363636362,12423920.454545457,574951.0820696456,-481894.02668647026,469420.69174681185,93057.05538317538,173685.6559463204,34431.11049177489,139254.5454545455,693148.7108232215,76660.14427595276,215914.68973049824,1156990.2809412347,0.11569902809412347,481894.02668647026,574951.0820696456,4091760.9133079704
fast_success_crypto_bull,8,0.0,376363.63636363635,376363.63636363635,6460909.090909093,905625.0,7245000.0,1281988.6363636362,13705909.090909094,604561.0762512474,-441409.2394368056,539515.4731780782,163151.83681444183,199620.7250758889,60366.17962134348,139254.54545454544,832403.2562777669,80608.14350016632,219862.68895471178,1376852.9698959463,0.13768529698959464,441409.2394368056,604561.0762512474,3928609.076493528
fast_success_crypto_bull,9,0.0,376363.63636363635,376363.63636363635,6837272.727272729,905625.0,8150625.0,1281988.6363636362,14987897.72727273,635684.8602213045,-398875.9219523078,613172.574632633,236808.93826899666,226873.85261407422,87619.30715952876,139254.54545454547,971657.8017323124,84757.9813628406,224012.52681738607,1600865.4967133324,0.16008654967133323,398875.9219523078,635684.8602213045,3691800.1382245314
fast_success_crypto_bull,10,0.0,376363.63636363635,376363.63636363635,7213636.363636366,905625.0,9056250.0,1281988.6363636362,16269886.363636367,668399.4974655984,-354190.41860309476,690572.7152261399,314209.07886250364,255511.90463367174,116257.35917912635,139254.5454545454,1110912.3471868578,89119.93299541314,228374.47844995855,1829239.975163291,0.1829239975163291,354190.41860309476,668399.4974655984,3377591.059362028
fast_success_crypto_bull,11,0.0,376363.63636363635,376363.63636363635,7590000.000000003,905625.0,9961875.0,1281988.6363636362,17551875.000000004,702785.9648539668,-307243.8287844113,771905.772433192,395542.13606955553,285605.135800281,146350.59034573555,139254.54545454547,1250166.8926414032,93704.79531386225,232959.34076840774,2062199.3159316988,0.20621993159316987,307243.8287844113,702785.9648539668,2982048.923292472
fast_success_crypto_bull,12,0.0,376363.63636363635,376363.63636363635,7966363.6363636395,905625.0,10867500.0,1281988.6363636362,18833863.63636364,738929.3510766848,-257921.7415209026,857371.2459194185,481007.60955578217,317227.3609901848,177972.8155356394,139254.5454545454,1389421.4380959487,98523.9134768913,237778.4589314367,2299977.7748631355,0.22999777748631356,257921.7415209026,738929.3510766848,2501041.3137366897
fast_success_crypto_bull,13,0.0,376363.63636363635,376363.63636363635,8342727.272727276,905625.0,11773125.0,1281988.6363636362,20115852.272727277,776919.0651343057,-206103.9566418602,947178.7448560819,570815.1084924455,350456.1355967503,211201.59014220486,139254.54545454544,1528675.983550494,19089443.663232815,19228698.20868736,21528675.983550496,2.1528675983550496,206103.9566418602,776919.0651343057,1930226.2052442443
slow_grind,1,3450000.0,376363.63636363635,3826363.6363636362,3826363.6363636362,905625.0,905625.0,4731988.636363637,4731988.636363637,395250.0,-4179488.6363636362,42125.0,-3784238.6363636362,15586.25,0.0,15586.25,15586.25,52700.0,68286.25,68286.25,0.006828625,4179488.6363636362,395250.0,3784238.6363636362
slow_grind,2,0.0,376363.63636363635,376363.63636363635,4202727.2727272725,905625.0,1811250.0,1281988.6363636362,6013977.272727273,409494.9374999999,-709985.3863636365,75873.18749999977,-300490.4488636366,28073.079374999914,0.0,28073.079374999914,43659.329374999914,54599.32499999999,82672.4043749999,150958.6543749999,0.01509586543749999,709985.3863636365,409494.9374999999,4084729.0852272725
slow_grind,3,0.0,376363.63636363635,376363.63636363635,4579090.909090909,905625.0,2716875.0,1281988.6363636362,7295965.90909091,424248.5735437499,-689793.6716386365,110818.53826874983,-265545.0980948866,41002.85915943744,0.0,41002.85915943744,84662.18853443736,56566.47647249999,97569.33563193743,248527.99000693733,0.02485279900069373,689793.6716386365,424248.5735437499,4350274.18332216
slow_grind,4,0.0,376363.63636363635,376363.63636363635,4955454.545454546,905625.0,3622500.0,1281988.6363636362,8577954.545454547,439528.98223484424,-668889.189383844,147003.42921463656,-229360.2071489998,54391.26880941553,0.0,54391.26880941553,139053.4573438529,58603.864297979235,112995.13310739477,361523.1231143321,0.03615231231143321,668889.189383844,439528.98223484424,4579634.3904711595
slow_grind,5,0.0,376363.63636363635,376363.63636363635,5331818.181818183,905625.0,4528125.0,1281988.6363636362,9859943.181818184,455354.87803363416,-647246.7789054575,184471.73549181316,-191891.9008718233,68254.54213197087,0.0,68254.54213197087,207307.99947582377,60713.983737817885,128968.52586978875,490491.6489841208,0.04904916489841208,647246.7789054575,455354.87803363416,4771526.291342983
slow_grind,6,0.0,376363.63636363635,376363.63636363635,5708181.818181819,905625.0,5433750.0,1281988.6363636362,11141931.81818182,471745.63840863947,-624840.3913371838,223268.88343509194,-153094.7529285443,82609.48687098401,0.0,82609.48687098401,289917.4863468078,62899.41845448526,145508.90532546927,636000.55430959,0.06360005543095901,624840.3913371838,471745.63840863947,4924621.044271528
slow_grind,7,0.0,376363.63636363635,376363.63636363635,6084545.454545456,905625.0,6339375.0,1281988.6363636362,12423920.454545457,488721.3272884906,-601643.0582877502,263441.9053643767,-112921.73099925963,97473.50498481939,0.0,97473.50498481939,387390.9913316272,65162.84363846542,162636.3486232848,798636.9029328749,0.07986369029328749,601643.0582877502,488721.3272884906,5037542.775270787
slow_grind,8,0.0,376363.63636363635,376363.63636363635,6460909.090909093,905625.0,7245000.0,1281988.6363636362,13705909.090909094,506302.71934268123,-577626.8593816714,305039.4963246463,-71324.14003899018,112864.61364011912,0.0,112864.61364011912,500255.60497174633,67507.02924569084,180371.64288580994,979008.5458186849,0.09790085458186848,577626.8593816714,506302.71934268123,5108866.915309777
slow_grind,9,0.0,376363.63636363635,376363.63636363635,6837272.727272729,905625.0,8150625.0,1281988.6363636362,14987897.72727273,524511.325120403,-552762.888654208,348112.0728298314,-28251.563533805078,128801.46694703761,0.0,128801.46694703761,629057.071918784,69934.84334938705,198736.31029642466,1177744.8561151095,0.11777448561151095,552762.888654208,524511.325120403,5137118.478843581
slow_grind,10,0.0,376363.63636363635,376363.63636363635,7213636.363636366,905625.0,9056250.0,1281988.6363636362,16269886.363636367,543369.4170777766,-527021.2197600653,392711.8336813478,16348.19731771131,145303.37846209868,6048.833007553185,139254.5454545455,768311.6173733295,72449.25561037022,211703.80106491572,1389448.6571800252,0.13894486571800252,527021.2197600653,543369.4170777766,5120770.281525869
slow_grind,11,0.0,376363.63636363635,376363.63636363635,7590000.000000003,905625.0,9961875.0,1281988.6363636362,17551875.000000004,562900.0565248581,-500370.86995395925,438892.82293453533,62529.18657089886,162390.34448577807,23135.79903123258,139254.5454545455,907566.162827875,75053.34086998108,214307.88632452657,1603756.5435045518,0.16037565435045517,500370.86995395925,562900.0565248581,5058241.09495497
slow_grind,12,0.0,376363.63636363635,376363.63636363635,7966363.6363636395,905625.0,10867500.0,1281988.6363636362,18833863.63636364,583127.1215249061,-472779.7627996979,486710.99508884456,110347.3587252082,180083.0681828725,40828.522728327036,139254.54545454547,1046820.7082824204,77750.28286998748,217004.82832453295,1820761.3718290846,0.18207613718290847,472779.7627996979,583127.1215249061,4947893.736229762
slow_grind,13,0.0,376363.63636363635,376363.63636363635,8342727.272727276,905625.0,11773125.0,1281988.6363636362,20115852.272727277,604075.3357795505,-444214.6895628908,536224.282580296,159860.6462166597,198402.98455470955,59148.43910016408,139254.54545454547,1186075.2537369658,80543.37810394006,219797.92355848552,2040559.29538757,0.204055929538757,444214.6895628908,604075.3357795505,4788033.090013103
slow_grind,14,0.0,376363.63636363635,376363.63636363635,8719090.909090912,905625.0,12678750.0,1281988.6363636362,21397840.909090914,625770.2985346799,-414641.26924082474,587492.6656574914,211129.0292938552,217372.2862932718,78117.74083872641,139254.5454545454,1325329.7991915112,83436.03980462399,222690.5852591694,2263249.8806467396,0.22632498806467397,414641.26924082474,625770.2985346799,4576904.060719247
slow_grind,15,0.0,376363.63636363635,376363.63636363635,9095454.545454549,905625.0,13584375.0,1281988.6363636362,22679829.54545455,648238.5155431076,-384023.9071813895,640578.2447253545,264214.6083617181,237013.95054838117,97759.40509383571,139254.54545454547,1464584.3446460566,19062079.91854477,19201334.463999316,21464584.344646055,2.1464584344646056,384023.9071813895,648238.5155431076,4312689.452357529
hedge_fund_failure_re_survival,1,3450000.0,376363.63636363635,3826363.6363636362,3826363.6363636362,905625.0,905625.0,4731988.636363637,4731988.636363637,457087.5,-4094488.6363636362,188962.5,-3637401.1363636362,69916.125,0.0,69916.125,69916.125,60945.0,130861.125,130861.125,0.0130861125,4094488.6363636362,457087.5,3637401.1363636362
hedge_fund_failure_re_survival,2,0.0,376363.63636363635,376363.63636363635,4202727.2727272725,905625.0,1811250.0,1281988.6363636362,6013977.272727273,478316.25,-615482.3863636364,239197.5,-137166.13636363635,88503.075,0.0,88503.075,158419.2,63775.5,152278.575,283139.7,0.02831397,615482.3863636364,478316.25,3774567.2727272725
hedge_fund_failure_re_survival,3,0.0,376363.63636363635,376363.63636363635,4579090.909090909,905625.0,2716875.0,1281988.6363636362,7295965.90909091,500521.68984375003,-585156.3519886363,291728.97421875014,-84634.66214488627,107939.72046093755,0.0,107939.72046093755,266358.92046093754,66736.22531250001,174675.94577343756,457815.6457734376,0.04578156457734376,585156.3519886363,500521.68984375003,3859201.9348721583
hedge_fund_failure_re_survival,4,0.0,376363.63636363635,376363.63636363635,4955454.545454546,905625.0,3622500.0,1281988.6363636362,8577954.545454547,523748.5284621095,-553450.4830495737,346661.681776172,-29701.95458746422,128264.82225718364,0.0,128264.82225718364,394623.74271812115,69833.13712828128,198097.9593854649,655913.6051589025,0.06559136051589025,553450.4830495737,523748.5284621095,3888903.8894596226
hedge_fund_failure_re_survival,5,0.0,376363.63636363635,376363.63636363635,5331818.181818183,905625.0,4528125.0,1281988.6363636362,9859943.181818184,548043.5157808659,-520301.997073784,404105.1550707184,27741.51870708191,149518.9073761658,10264.361921620306,139254.5454545455,533878.2881726667,73072.46877078211,212327.0142253276,868240.6193842301,0.08682406193842301,520301.997073784,548043.5157808659,3861162.3707525404
hedge_fund_failure_re_survival,6,0.0,376363.63636363635,376363.63636363635,5708181.818181819,905625.0,5433750.0,1281988.6363636362,11141931.81818182,573455.5357544689,-485645.2549860958,464173.9171320093,87810.28076837305,171744.34933884343,32489.803884298028,139254.5454545454,673132.8336272121,76460.73810059586,215715.28355514127,1083955.9029393713,0.10839559029393712,485645.2549860958,573455.5357544689,3773352.089984168
hedge_fund_failure_re_survival,7,0.0,376363.63636363635,376363.63636363635,6084545.454545456,905625.0,6339375.0,1281988.6363636362,12423920.454545457,600035.7036370104,-449411.6311334176,526987.708867229,150624.07250359282,194985.45228087474,55730.906826329345,139254.5454545454,812387.3790817575,80004.76048493473,219259.30593948014,1303215.2088788515,0.13032152088788515,449411.6311334176,600035.7036370104,3622728.0174805755
hedge_fund_failure_re_survival,8,0.0,376363.63636363635,376363.63636363635,6460909.090909093,905625.0,7245000.0,1281988.6363636362,13705909.090909094,627837.4676833502,-411529.3773954428,592671.7266515438,216308.0902879074,219288.5388610712,80033.99340652574,139254.54545454547,951641.9245363029,83711.66235778003,222966.2078123255,1526181.416691177,0.15261814166911772,411529.3773954428,627837.4676833502,3406419.927192668
hedge_fund_failure_re_survival,9,0.0,376363.63636363635,376363.63636363635,6837272.727272729,905625.0,8150625.0,1281988.6363636362,14987897.72727273,656916.7154820699,-371923.48111239006,661356.870733316,284993.2343696798,244702.04217132693,105447.49671678153,139254.5454545454,1090896.4699908483,87588.89539760932,226843.44085215474,1753024.8575433318,0.1753024857543332,371923.48111239006,656916.7154820699,3121426.692822988
hedge_fund_failure_re_survival,10,0.0,376363.63636363635,376363.63636363635,7213636.363636366,905625.0,9056250.0,1281988.6363636362,16269886.363636367,687331.8851311095,-330515.51654845837,733180.0049462875,356816.36858265114,271276.60183012637,132022.05637558093,139254.54545454544,1230151.0154453937,91644.2513508146,230898.79680536003,1983923.654348692,0.19839236543486918,330515.51654845837,687331.8851311095,2764610.324240337
hedge_fund_failure_re_survival,11,0.0,376363.63636363635,376363.63636363635,7590000.000000003,905625.0,9961875.0,1281988.6363636362,17551875.000000004,719144.0814765454,-287223.48959686793,808284.2282433137,431920.5918796775,299065.16445002606,159810.61899548068,139254.54545454538,1369405.5608999392,95885.87753020607,235140.42298475147,2219064.0773334433,0.22190640773334433,287223.48959686793,719144.0814765454,2332689.7323606596
hedge_fund_failure_re_survival,12,0.0,376363.63636363635,376363.63636363635,7966363.6363636395,905625.0,10867500.0,1281988.6363636362,18833863.63636364,752417.1976449981,-241961.67541897995,886819.1585896546,510455.52222601813,328123.0886781722,188868.5432236267,139254.5454545455,1508660.1063544846,100322.2930193331,239576.8384738786,2458640.915807322,0.24586409158073222,241961.67541897995,752417.1976449981,1822234.2101346415
hedge_fund_failure_re_survival,13,0.0,376363.63636363635,376363.63636363635,8342727.272727276,905625.0,11773125.0,1281988.6363636362,20115852.272727277,787218.0421106473,-194640.44869599806,968941.2297782856,592577.5934146493,358508.2550179657,219253.7095634202,139254.54545454547,1647914.65180903,104962.40561475298,244216.95106929843,2702857.866876621,0.27028578668766207,194640.44869599806,787218.0421106473,1229656.6167199921
hedge_fund_failure_re_survival,14,0.0,376363.63636363635,376363.63636363635,8719090.909090912,905625.0,12678750.0,1281988.6363636362,21397840.909090914,823616.4715488033,-145166.10615712067,1054814.001755319,678450.3653916826,390281.18064946803,251026.63519492256,139254.54545454547,1787169.1972635754,109815.52953984044,249070.0749943859,2951927.9418710065,0.29519279418710065,145166.10615712067,823616.4715488033,551206.2513283094
hedge_fund_failure_re_survival,15,0.0,376363.63636363635,376363.63636363635,9095454.545454549,905625.0,13584375.0,1281988.6363636362,22679829.54545455,861685.5297394483,-93440.68103272433,1144608.4850703604,768244.848706724,423505.13947603334,284250.59402148786,139254.54545454547,1926423.7427181208,114891.40396525979,254145.94941980526,3206073.891290812,0.32060738912908116,93440.68103272433,644646.9323610337,0.0
hedge_fund_failure_re_survival,16,0.0,376363.63636363635,376363.63636363635,9471818.181818185,905625.0,14490000.0,1281988.6363636362,23961818.181818187,901501.5927961473,-39361.749065168086,1238503.4800946154,862139.8437309792,458246.2876350077,318991.74218046234,139254.54545454535,2065678.2881726662,120200.21237281965,259454.757827365,3465528.6491181767,0.3465528649118177,39361.749065168086,39361.749065168086,0.0
hedge_fund_failure_re_survival,17,0.0,376363.63636363635,376363.63636363635,9848181.818181822,905625.0,15395625.0,1281988.6363636362,25243806.818181824,943144.5210082647,17177.77430691209,1336685.931678813,960322.2953151768,494573.7947211608,355319.2492666154,139254.54545454535,2204932.8336272114,125752.60280110197,265007.14825564733,3730535.797373824,0.3730535797373824,0.0,0.0,0.0
hedge_fund_failure_re_survival,18,0.0,376363.63636363635,376363.63636363635,10224545.454545459,905625.0,16301250.0,1281988.6363636362,26525795.45454546,986697.817597531,76289.84599242208,1439351.2999535892,1062987.663589953,532559.980982828,393305.4355282826,139254.54545454535,2344187.379081757,18474397.03625339,18613651.581707936,22344187.37908176,2.234418737908176,0.0,0.0,0.0
real_estate_distress_crypto_success,1,3450000.0,376363.63636363635,3826363.6363636362,3826363.6363636362,905625.0,905625.0,4731988.636363637,4731988.636363637,271575.0,-4349488.636363637,-251550.0,-4077913.6363636367,0.0,0.0,0.0,0.0,36210.0,36210.0,36210.0,0.003621,4349488.636363637,271575.0,4077913.6363636367
real_estate_distress_crypto_success,2,0.0,376363.63636363635,376363.63636363635,4202727.2727272725,905625.0,1811250.0,1281988.6363636362,6013977.272727273,260645.0625,-914673.8863636364,-277665.1875,-654028.8238636364,0.0,0.0,0.0,0.0,34752.675,34752.675,70962.675,0.0070962675000000005,914673.8863636364,260645.0625,4731942.460227273
real_estate_distress_crypto_success,3,0.0,376363.63636363635,376363.63636363635,4579090.909090909,905625.0,2716875.0,1281988.6363636362,7295965.90909091,250153.49581875,-929256.2819386363,-302739.14975625,-679102.7861198863,0.0,0.0,0.0,0.0,33353.7994425,33353.7994425,104316.47444250001,0.01043164744425,929256.2819386363,250153.49581875,5411045.24634716
real_estate_distress_crypto_success,4,0.0,376363.63636363635,376363.63636363635,4955454.545454546,905625.0,3622500.0,1281988.6363636362,8577954.545454547,240082.76306574562,-943259.7564093089,-326813.35697992693,-703176.9933435633,0.0,0.0,0.0,0.0,32011.035075432752,32011.035075432752,136327.50951793278,0.013632750951793277,943259.7564093089,240082.76306574562,6114222.239690723
real_estate_distress_crypto_success,5,0.0,376363.63636363635,376363.63636363635,5331818.181818183,905625.0,4528125.0,1281988.6363636362,9859943.181818184,230416.02757210546,-956707.2929434957,-349927.6290077539,-726291.2653713902,0.0,0.0,0.0,0.0,30722.13700961406,30722.13700961406,167049.64652754684,0.016704964652754683,956707.2929434957,230416.02757210546,6840513.505062113
real_estate_distress_crypto_success,6,0.0,376363.63636363635,376363.63636363635,5708181.818181819,905625.0,5433750.0,1281988.6363636362,11141931.81818182,221137.1249715608,-969620.9622772753,-372120.20094207814,-748483.8373057145,0.0,0.0,0.0,0.0,29484.94999620811,29484.94999620811,196534.59652375494,0.019653459652375495,969620.9622772753,221137.1249715608,7588997.342367827
real_estate_distress_crypto_success,7,0.0,376363.63636363635,376363.63636363635,6084545.454545456,905625.0,6339375.0,1281988.6363636362,12423920.454545457,212230.53639343573,-982021.9589385038,-393427.78618143173,-769791.422545068,0.0,0.0,0.0,0.0,28297.404852458098,28297.404852458098,224832.00137621304,0.022483200137621305,982021.9589385038,212230.53639343573,8358788.764912896
real_estate_distress_crypto_success,8,0.0,376363.63636363635,376363.63636363635,6460909.090909093,905625.0,7245000.0,1281988.6363636362,13705909.090909094,203681.3627233648,-993930.6360322816,-413885.6369452805,-790249.2733089167,0.0,0.0,0.0,0.0,27157.51502978197,27157.51502978197,251989.516405995,0.0251989516405995,993930.6360322816,203681.3627233648,9149038.038221812
real_estate_distress_crypto_success,9,0.0,376363.63636363635,376363.63636363635,6837272.727272729,905625.0,8150625.0,1281988.6363636362,14987897.72727273,195475.29988925322,-1005366.5386454364,-433527.60239254683,-809891.2387561832,0.0,0.0,0.0,0.0,26063.373318567097,26063.373318567097,278052.8897245621,0.02780528897245621,1005366.5386454364,195475.29988925322,9958929.276977995
real_estate_distress_crypto_success,10,0.0,376363.63636363635,376363.63636363635,7213636.363636366,905625.0,9056250.0,1281988.6363636362,16269886.363636367,187598.6151316757,-1016348.4359248489,-452386.1844295369,-828749.8207931732,0.0,0.0,0.0,0.0,25013.14868422343,25013.14868422343,303066.03840878553,0.030306603840878552,1016348.4359248489,187598.6151316757,10787679.097771168
real_estate_distress_crypto_success,11,0.0,376363.63636363635,376363.63636363635,7590000.000000003,905625.0,9961875.0,1281988.6363636362,17551875.000000004,180038.12421953326,-1026894.3518822688,-470492.5912990992,-846856.2276627355,0.0,0.0,0.0,0.0,24005.083229271102,24005.083229271102,327071.12163805665,0.03270711216380567,1026894.3518822688,180038.12421953326,11634535.325433904
real_estate_distress_crypto_success,12,0.0,376363.63636363635,376363.63636363635,7966363.6363636395,905625.0,10867500.0,1281988.6363636362,18833863.63636364,172781.1695733453,-1037021.5949761791,-487876.78903919744,-864240.4254028337,0.0,0.0,0.0,0.0,23037.489276446042,23037.489276446042,350108.6109145027,0.03501086109145027,1037021.5949761791,172781.1695733453,12498775.750836737
real_estate_distress_crypto_success,13,0.0,376363.63636363635,376363.63636363635,8342727.272727276,905625.0,11773125.0,1281988.6363636362,20115852.272727277,165815.59926005118,-1046746.7865192612,-504567.5508955737,-880931.18725921,0.0,0.0,0.0,0.0,22108.746568006827,22108.746568006827,372217.3574825095,0.03722173574825095,1046746.7865192612,165815.59926005118,13379706.938095948
real_estate_distress_crypto_success,14,0.0,376363.63636363635,376363.63636363635,8719090.909090912,905625.0,12678750.0,1281988.6363636362,21397840.909090914,159129.7468246318,-1056085.8879580828,-520592.5047698148,-896956.141133451,0.0,0.0,0.0,0.0,21217.299576617574,21217.299576617574,393434.6570591271,0.03934346570591271,1056085.8879580828,159129.7468246318,14276663.0792294
real_estate_distress_crypto_success,15,0.0,376363.63636363635,376363.63636363635,9095454.545454549,905625.0,13584375.0,1281988.6363636362,22679829.54545455,152712.4119252424,-1065054.2270697835,-535978.1787809046,-912341.8151445411,0.0,0.0,0.0,0.0,20361.654923365655,20361.654923365655,413796.3119824928,0.04137963119824928,1065054.2270697835,152712.4119252424,15189004.89437394
real_estate_distress_crypto_success,16,0.0,376363.63636363635,376363.63636363635,9471818.181818185,905625.0,14490000.0,1281988.6363636362,23961818.181818187,146552.84173987238,-1073666.5231187493,-550750.0450152406,-927113.6813788769,0.0,0.0,0.0,0.0,19540.37889864965,19540.37889864965,433336.69088114245,0.04333366908811424,1073666.5231187493,146552.84173987238,16116118.575752817
real_estate_distress_crypto_success,17,0.0,376363.63636363635,376363.63636363635,9848181.818181822,905625.0,15395625.0,1281988.6363636362,25243806.818181824,140640.71311381966,-1081936.9110145713,-564932.5615371154,-941296.1979007516,0.0,0.0,0.0,0.0,18752.09508184262,18752.09508184262,452088.7859629851,0.045208878596298505,1081936.9110145713,140640.71311381966,17057414.77365357
real_estate_distress_crypto_success,18,0.0,376363.63636363635,376363.63636363635,10224545.454545459,905625.0,16301250.0,1281988.6363636362,26525795.45454546,134966.1154184906,-1089878.9645109293,-578549.2127288023,-954912.8490924387,0.0,0.0,0.0,0.0,17995.48205579875,17995.48205579875,470084.2680187838,0.04700842680187838,1089878.9645109293,134966.1154184906,18012327.62274601
real_estate_distress_crypto_success,19,0.0,376363.63636363635,376363.63636363635,10600909.090909095,905625.0,17206875.0,1281988.6363636362,27807784.090909097,129519.53409320742,-1097505.7184834818,-591622.548026638,-967986.1843902743,0.0,0.0,0.0,0.0,17269.271212427655,17269.271212427655,487353.5392312115,0.048735353923121144,1097505.7184834818,129519.53409320742,18980313.807136282
real_estate_distress_crypto_success,20,0.0,376363.63636363635,376363.63636363635,10977272.727272732,905625.0,18112500.0,1281988.6363636362,29089772.727272734,124291.83484283306,-1104829.690323324,-604174.2191168545,-980537.8554804908,0.0,0.0,0.0,0.0,16572.244645711075,16572.244645711075,503925.78387692256,0.050392578387692254,1104829.690323324,124291.83484283306,19960851.66261677
exceptional_dynasty_outcome,1,3450000.0,376363.63636363635,3826363.6363636362,3826363.6363636362,905625.0,905625.0,4731988.636363637,4731988.636363637,517012.5,-4009488.6363636362,333887.5,-3492476.1363636362,123538.375,0.0,123538.375,123538.375,68935.0,192473.375,192473.375,0.0192473375,4009488.6363636362,517012.5,3492476.1363636362
exceptional_dynasty_outcome,2,0.0,376363.63636363635,376363.63636363635,4202727.2727272725,905625.0,1811250.0,1281988.6363636362,6013977.272727273,581782.5000000001,-470476.63636363624,487669.50000000023,111305.86363636388,180437.71500000008,41183.169545454635,139254.54545454544,262792.9204545454,77571.00000000001,216825.54545454547,409298.92045454547,0.040929892045454545,470476.63636363624,581782.5000000001,3381170.2727272725
exceptional_dynasty_outcome,3,0.0,376363.63636363635,376363.63636363635,4579090.909090909,905625.0,2716875.0,1281988.6363636362,7295965.90909091,654618.0888000001,-370498.35796363617,660483.3672000002,284119.730836364,244378.84586400006,105124.30040945466,139254.5454545454,402047.4659090908,87282.41184000002,226536.95729454543,635835.8777490909,0.06358358777490909,370498.35796363617,654618.0888000001,3097050.5418909085
exceptional_dynasty_outcome,4,0.0,376363.63636363635,376363.63636363635,4955454.545454546,905625.0,3622500.0,1281988.6363636362,8577954.545454547,736519.8209241601,-258202.7556647563,854680.7016230403,478317.0652594038,316231.8596005249,176977.31414597938,139254.5454545455,541302.0113636364,98202.64278988802,237457.18824443352,873293.0659935244,0.08732930659935244,258202.7556647563,736519.8209241601,2618733.4766315045
exceptional_dynasty_outcome,5,0.0,376363.63636363635,376363.63636363635,5331818.181818183,905625.0,4528125.0,1281988.6363636362,9859943.181818184,828612.0691327367,-132072.33516265417,1072903.3703337188,696539.7339700825,396974.24702347594,257719.70156893053,139254.5454545454,680556.5568181818,110481.60921769822,249736.15467224363,1123029.220665768,0.1123029220665768,132072.33516265417,828612.0691327367,1922193.742661422
exceptional_dynasty_outcome,6,0.0,376363.63636363635,376363.63636363635,5708181.818181819,905625.0,5433750.0,1281988.6363636362,11141931.81818182,932158.3228222674,9597.353145307046,1318119.3123312108,941755.6759675745,487704.145562548,348449.60010800255,139254.54545454547,819811.1022727273,124287.77637630234,263542.3218308478,1386571.5424966158,0.13865715424966157,0.0,932158.3228222674,990035.4198391545
exceptional_dynasty_outcome,7,0.0,376363.63636363635,376363.63636363635,6084545.454545456,905625.0,6339375.0,1281988.6363636362,12423920.454545457,1048578.3747081389,168720.74705280934,1593662.7581245843,1217299.121760948,589655.2205060961,450400.6750515508,139254.54545454535,959065.6477272727,139810.4499610852,279064.9954156305,1665636.5379122463,0.16656365379122462,0.0,990035.4198391545,0.0
exceptional_dynasty_outcome,8,0.0,376363.63636363635,376363.63636363635,6460909.090909093,905625.0,7245000.0,1281988.6363636362,13705909.090909094,1179467.628707483,347448.1430897153,1903279.4081608346,1526915.7717971983,704213.3810195088,564958.8355649634,139254.5454545454,1098320.1931818181,157262.35049433107,296516.8959488765,1962153.433861123,0.1962153433861123,0.0,0.0,0.0
exceptional_dynasty_outcome,9,0.0,376363.63636363635,376363.63636363635,6837272.727272729,905625.0,8150625.0,1281988.6363636362,14987897.72727273,1326618.7906583704,548194.7543183685,2251177.181340375,1874813.5449767387,832935.5570959387,693681.0116413933,139254.5454545454,1237574.7386363635,19136166.759320695,19275421.30477524,21237574.738636363,2.1237574738636362,0.0,0.0,0.0
liquidity_trap,1,3450000.0,376363.63636363635,3826363.6363636362,3826363.6363636362,905625.0,905625.0,4731988.636363637,4731988.636363637,425212.5,-4136988.6363636362,114587.5,-3711776.1363636362,42397.375,0.0,42397.375,42397.375,56695.0,99092.375,99092.375,0.0099092375,4136988.6363636362,425212.5,3711776.1363636362
liquidity_trap,2,0.0,376363.63636363635,376363.63636363635,4202727.2727272725,905625.0,1811250.0,1281988.6363636362,6013977.272727273,469302.0000000001,-626239.1363636362,219426.50000000023,-156937.13636363612,81187.80500000008,0.0,81187.80500000008,123585.18000000008,62573.60000000001,143761.4050000001,242853.7800000001,0.02428537800000001,626239.1363636362,469302.0000000001,3868713.2727272725
liquidity_trap,3,0.0,376363.63636363635,376363.63636363635,4579090.909090909,905625.0,2716875.0,1281988.6363636362,7295965.90909091,517940.3092125001,-559287.1124136363,335016.83316250006,-41346.80320113618,123956.22827012502,0.0,123956.22827012502,247541.4082701251,69058.70789500001,193014.93616512505,435868.71616512514,0.043586871616512514,559287.1124136363,517940.3092125001,3910060.0759284087
liquidity_trap,4,0.0,376363.63636363635,376363.63636363635,4955454.545454546,905625.0,3622500.0,1281988.6363636362,8577954.545454547,571595.1700464713,-485499.28681834124,462459.5195917664,86095.88322813006,171110.02224895358,31855.47679440812,139254.54545454547,386795.9537246706,76212.68933952952,215467.234794075,651335.9509592002,0.06513359509592001,485499.28681834124,571595.1700464713,3823964.192700279
liquidity_trap,5,0.0,376363.63636363635,376363.63636363635,5331818.181818183,905625.0,4528125.0,1281988.6363636362,9859943.181818184,630782.3130400274,-404177.7242297664,602968.2251738973,226604.588810261,223098.24331434202,83843.69785979656,139254.54545454547,526050.4991792161,84104.308405337,223358.85385988245,874694.8048190826,0.08746948048190827,404177.7242297664,630782.3130400274,3597359.6038900176
liquidity_trap,6,0.0,376363.63636363635,376363.63636363635,5708181.818181819,905625.0,5433750.0,1281988.6363636362,11141931.81818182,696070.3726624522,-314553.2301008984,757880.7789251902,381517.14256155374,280415.8882023204,141161.34274777488,139254.5454545455,665305.0446337616,92809.3830216603,232063.9284762058,1106758.7332952884,0.11067587332952884,314553.2301008984,696070.3726624522,3215842.461328464
liquidity_trap,7,0.0,376363.63636363635,376363.63636363635,6084545.454545456,905625.0,6339375.0,1281988.6363636362,12423920.454545457,768086.3061545994,-215778.0751214727,928671.8673967631,552308.2310331267,343608.5909368023,204354.0454822569,139254.54545454544,804559.590088307,102411.50748727993,241666.05294182536,1348424.7862371136,0.13484247862371138,215778.0751214727,768086.3061545994,2663534.2302953373
liquidity_trap,8,0.0,376363.63636363635,376363.63636363635,6460909.090909093,905625.0,7245000.0,1281988.6363636362,13705909.090909094,847521.3668473265,-106917.97681864782,1116967.026392315,740603.3900286787,413277.7997651566,274023.2543106111,139254.54545454547,943814.1355428526,113002.84891297687,252257.39436752233,1600682.180604636,0.1600682180604636,106917.97681864782,847521.3668473265,1922930.8402666585
liquidity_trap,9,0.0,376363.63636363635,376363.63636363635,6837272.727272729,905625.0,8150625.0,1281988.6363636362,14987897.72727273,935137.688655185,13056.737520895782,1324558.0625397172,948194.4261760808,490086.48313969537,350831.9376851499,139254.54545454547,1083068.680997398,124685.02515402467,263939.5706085701,1864621.751213206,0.1864621751213206,0.0,935137.688655185,987793.1516114734
liquidity_trap,10,0.0,376363.63636363635,376363.63636363635,7213636.363636366,905625.0,9056250.0,1281988.6363636362,16269886.363636367,1031775.5442373182,145280.87019450648,1553420.050795461,1177056.4144318248,574765.4187943205,435510.8733397752,139254.54545454535,1222323.2264519434,137570.07256497577,276824.6180195211,2141446.369232727,0.2141446369232727,0.0,987793.1516114734,0.0
liquidity_trap,11,0.0,376363.63636363635,376363.63636363635,7590000.000000003,905625.0,9961875.0,1281988.6363636362,17551875.000000004,1138361.3457043178,291005.08681409305,1805730.0688820472,1429366.432518411,668120.1254863575,528865.5800318121,139254.5454545454,1361577.7719064888,19080876.857219215,19220131.402673762,21361577.771906488,2.1361577771906486,0.0,0.0,0.0
failure_never_reaches_hurdle,1,3450000.0,376363.63636363635,3826363.6363636362,3826363.6363636362,905625.0,905625.0,4731988.636363637,4731988.636363637,271575.0,-4349488.636363637,-251550.0,-4077913.6363636367,0.0,0.0,0.0,0.0,36210.0,36210.0,36210.0,0.003621,4349488.636363637,271575.0,4077913.6363636367
failure_never_reaches_hurdle,2,0.0,376363.63636363635,376363.63636363635,4202727.2727272725,905625.0,1811250.0,1281988.6363636362,6013977.272727273,268859.25,-903313.6363636364,-258090.75,-634454.3863636364,0.0,0.0,0.0,0.0,35847.9,35847.9,72057.9,0.007205789999999999,903313.6363636364,268859.25,4712368.022727273
failure_never_reaches_hurdle,3,0.0,376363.63636363635,376363.63636363635,4579090.909090909,905625.0,2716875.0,1281988.6363636362,7295965.90909091,266170.65750000003,-907100.3863636364,-264566.0925,-640929.7288636363,0.0,0.0,0.0,0.0,35489.421,35489.421,107547.321,0.010754732099999999,907100.3863636364,266170.65750000003,5353297.75159091
failure_never_reaches_hurdle,4,0.0,376363.63636363635,376363.63636363635,4955454.545454546,905625.0,3622500.0,1281988.6363636362,8577954.545454547,263508.950925,-910849.2688636364,-270976.68157500005,-647340.3179386364,0.0,0.0,0.0,0.0,35134.526789999996,35134.526789999996,142681.84779,0.014268184779,910849.2688636364,263508.950925,6000638.069529546
failure_never_reaches_hurdle,5,0.0,376363.63636363635,376363.63636363635,5331818.181818183,905625.0,4528125.0,1281988.6363636362,9859943.181818184,260873.86141575,-914560.6625386364,-277323.16475925,-653686.8011228864,0.0,0.0,0.0,0.0,34783.1815221,34783.1815221,177465.0293121,0.01774650293121,914560.6625386364,260873.86141575,6654324.870652433
failure_never_reaches_hurdle,6,0.0,376363.63636363635,376363.63636363635,5708181.818181819,905625.0,5433750.0,1281988.6363636362,11141931.81818182,258265.12280159246,-918234.9422768863,-283606.1831116576,-659969.8194752939,0.0,0.0,0.0,0.0,34435.349706878995,34435.349706878995,211900.379018979,0.0211900379018979,918234.9422768863,258265.12280159246,7314294.690127727
failure_never_reaches_hurdle,7,0.0,376363.63636363635,376363.63636363635,6084545.454545456,905625.0,6339375.0,1281988.6363636362,12423920.454545457,255682.47157357656,-921872.4792177539,-289826.37128054095,-666190.0076441773,0.0,0.0,0.0,0.0,34090.99620981021,34090.99620981021,245991.37522878923,0.024599137522878924,921872.4792177539,255682.47157357656,7980484.697771904
failure_never_reaches_hurdle,8,0.0,376363.63636363635,376363.63636363635,6460909.090909093,905625.0,7245000.0,1281988.6363636362,13705909.090909094,253125.6468578408,-925473.6407892128,-295984.3575677356,-672347.993931372,0.0,0.0,0.0,0.0,33750.086247712105,33750.086247712105,279741.4614765013,0.02797414614765013,925473.6407892128,253125.6468578408,8652832.691703277
failure_never_reaches_hurdle,9,0.0,376363.63636363635,376363.63636363635,6837272.727272729,905625.0,8150625.0,1281988.6363636362,14987897.72727273,250594.3903892624,-929038.7907449569,-302080.7639920581,-678444.4003556946,0.0,0.0,0.0,0.0,33412.58538523499,33412.58538523499,313154.0468617363,0.03131540468617363,929038.7907449569,250594.3903892624,9331277.092058972
failure_never_reaches_hurdle,10,0.0,376363.63636363635,376363.63636363635,7213636.363636366,905625.0,9056250.0,1281988.6363636362,16269886.363636367,248088.44648536976,-932568.2892011438,-308116.2063521376,-684479.842715774,0.0,0.0,0.0,0.0,33078.459531382636,33078.459531382636,346232.50639311894,0.034623250639311896,932568.2892011438,248088.44648536976,10015756.934774745
failure_never_reaches_hurdle,11,0.0,376363.63636363635,376363.63636363635,7590000.000000003,905625.0,9961875.0,1281988.6363636362,17551875.000000004,245607.56202051608,-936062.4926727687,-314091.29428861616,-690454.9306522526,0.0,0.0,0.0,0.0,32747.67493606881,32747.67493606881,378980.18132918776,0.03789801813291878,936062.4926727687,245607.56202051608,10706211.865426999
failure_never_reaches_hurdle,12,0.0,376363.63636363635,376363.63636363635,7966363.6363636395,905625.0,10867500.0,1281988.6363636362,18833863.63636364,243151.48640031088,-939521.7541096773,-320006.63134573004,-696370.2677093664,0.0,0.0,0.0,0.0,32420.19818670812,32420.19818670812,411400.37951589585,0.04114003795158958,939521.7541096773,243151.48640031088,11402582.133136366
failure_never_reaches_hurdle,13,0.0,376363.63636363635,376363.63636363635,8342727.272727276,905625.0,11773125.0,1281988.6363636362,20115852.272727277,240719.97153630783,-942946.4229322169,-325862.8150322727,-702226.4513959091,0.0,0.0,0.0,0.0,32095.996204841045,32095.996204841045,443496.3757207369,0.04434963757207369,942946.4229322169,240719.97153630783,12104808.584532274
failure_never_reaches_hurdle,14,0.0,376363.63636363635,376363.63636363635,8719090.909090912,905625.0,12678750.0,1281988.6363636362,21397840.909090914,238312.77182094473,-946336.8450665311,-331660.43688195,-708024.0732455864,0.0,0.0,0.0,0.0,31775.036242792634,31775.036242792634,475271.41196352954,0.04752714119635296,946336.8450665311,238312.77182094473,12812832.65777786
failure_never_reaches_hurdle,15,0.0,376363.63636363635,376363.63636363635,9095454.545454549,905625.0,13584375.0,1281988.6363636362,22679829.54545455,235929.64410273527,-949693.3629795021,-337400.0825131305,-713763.7188767667,0.0,0.0,0.0,0.0,31457.285880364707,31457.285880364707,506728.69784389425,0.050672869784389424,949693.3629795021,235929.64410273527,13526596.376654627
failure_never_reaches_hurdle,16,0.0,376363.63636363635,376363.63636363635,9471818.181818185,905625.0,14490000.0,1281988.6363636362,23961818.181818187,233570.3476617079,-953016.3157133436,-343082.3316879992,-719445.9680516357,0.0,0.0,0.0,0.0,31142.713021561056,31142.713021561056,537871.4108654553,0.05378714108654553,953016.3157133436,233570.3476617079,14246042.344706263
failure_never_reaches_hurdle,17,0.0,376363.63636363635,376363.63636363635,9848181.818181822,905625.0,15395625.0,1281988.6363636362,25243806.818181824,231234.64418509084,-956306.0389198464,-348707.75837111915,-725071.3947347556,0.0,0.0,0.0,0.0,30831.285891345447,30831.285891345447,568702.6967568008,0.056870269675680075,956306.0389198464,231234.64418509084,14971113.739441019
failure_never_reaches_hurdle,18,0.0,376363.63636363635,376363.63636363635,10224545.454545459,905625.0,16301250.0,1281988.6363636362,26525795.45454546,228922.29774323993,-959562.8648942843,-354276.930787408,-730640.5671510444,0.0,0.0,0.0,0.0,30522.973032431993,30522.973032431993,599225.6697892328,0.05992256697892328,959562.8648942843,228922.29774323993,15701754.306592062
failure_never_reaches_hurdle,19,0.0,376363.63636363635,376363.63636363635,10600909.090909095,905625.0,17206875.0,1281988.6363636362,27807784.090909097,226633.07476580748,-962787.122608978,-359790.4114795341,-736154.0478431705,0.0,0.0,0.0,0.0,30217.74330210767,30217.74330210767,629443.4130913405,0.06294434130913404,962787.122608978,226633.07476580748,16437908.354435233
failure_never_reaches_hurdle,20,0.0,376363.63636363635,376363.63636363635,10977272.727272732,905625.0,18112500.0,1281988.6363636362,29089772.727272734,224366.74401814945,-965979.1377465244,-365248.75736473873,-741612.393728375,0.0,0.0,0.0,0.0,29915.565869086593,29915.565869086593,659358.978960427,0.0659358978960427,965979.1377465244,224366.74401814945,17179520.74816361
jon_base_case,1,3450000.0,376363.63636363635,3826363.6363636362,3826363.6363636362,905625.0,905625.0,4731988.636363637,4731988.636363637,0.0,-3475579.6363636362,350784.0,-3475579.6363636362,129790.08,0.0,129790.08,129790.08,0.0,129790.08,129790.08,0.012979008,3475579.6363636362,0.0,3475579.6363636362
jon_base_case,2,0.0,376363.63636363635,376363.63636363635,4202727.2727272725,905625.0,1811250.0,1281988.6363636362,6013977.272727273,0.0,172012.36363636365,548376.0,172012.36363636365,202899.12,63644.57454545455,139254.54545454544,269044.6254545454,0.0,139254.54545454544,269044.6254545454,0.026904462545454543,0.0,0.0,3475579.6363636362
jon_base_case,3,0.0,376363.63636363635,376363.63636363635,4579090.909090909,905625.0,2716875.0,1281988.6363636362,7295965.90909091,51205.400158457494,369604.36363636365,797173.4001584575,420809.76379482116,294954.15805862925,155699.61260408384,139254.5454545454,408299.17090909084,122892.96038029798,262147.5058348434,531192.1312893888,0.05311921312893887,0.0,51205.400158457494,3424374.236205179
jon_base_case,4,0.0,376363.63636363635,376363.63636363635,4955454.545454546,905625.0,3622500.0,1281988.6363636362,8577954.545454547,160229.41356321122,567196.3636363636,1103789.4135632112,727425.7771995749,408402.08301838813,269147.5375638427,139254.5454545454,547553.7163636363,384550.5925517069,523805.1380062523,1054997.269295641,0.1054997269295641,0.0,160229.41356321122,3264144.822641968
jon_base_case,5,0.0,376363.63636363635,376363.63636363635,5331818.181818183,905625.0,4528125.0,1281988.6363636362,9859943.181818184,216938.20737010756,667688.3636363636,1260990.2073701075,884626.5710064712,466566.3767269398,327311.83127239434,139254.54545454547,686808.2618181817,520651.69768825814,659906.2431428037,1714903.5124384447,0.17149035124384446,0.0,216938.20737010756,3047206.6152718603
jon_base_case,6,0.0,376363.63636363635,376363.63636363635,5708181.818181819,905625.0,5433750.0,1281988.6363636362,11141931.81818182,239876.6524912108,726178.6736363637,1342418.962491211,966055.3261275745,496695.0161217481,357440.47066720255,139254.54545454553,826062.8072727273,575703.9659789059,714958.5114334514,2429862.023871896,0.2429862023871896,0.0,239876.6524912108,2807329.9627806493
jon_base_case,7,0.0,376363.63636363635,376363.63636363635,6084545.454545456,905625.0,6339375.0,1281988.6363636362,12423920.454545457,254233.25096594708,786423.6929363635,1417020.5802659472,1040656.9439023106,524297.6146984005,385043.0692438549,139254.5454545456,965317.3527272728,610159.802318273,749414.3477728185,3179276.3716447144,0.3179276371644714,0.0,254233.25096594708,2553096.711814702
jon_base_case,8,0.0,376363.63636363635,376363.63636363635,6460909.090909093,905625.0,7245000.0,1281988.6363636362,13705909.090909094,269020.54739492555,848476.0628153639,1493860.246573926,1117496.6102102895,552728.2912323526,413473.7457778071,139254.54545454553,1104571.8981818184,645649.3137478213,784903.8592023668,3964180.230847081,0.39641802308470814,0.0,269020.54739492555,2284076.1644197763
jon_base_case,9,0.0,376363.63636363635,376363.63636363635,6837272.727272729,905625.0,8150625.0,1281988.6363636362,14987897.72727273,284251.4627167733,912390.0037907338,1573005.1028711433,1196641.466507507,582011.888062323,442757.34260777757,139254.5454545454,1243826.4436363638,682203.510520256,821458.0559748014,4785638.286821882,0.4785638286821882,0.0,284251.4627167733,1999824.701703003
jon_base_case,10,0.0,376363.63636363635,376363.63636363635,7213636.363636366,905625.0,9056250.0,1281988.6363636362,16269886.363636367,299939.3054982765,978221.362995365,1654524.3048572778,1278160.6684936415,612173.9927971928,472919.44734264736,139254.5454545454,1383080.9890909093,719854.3331958635,859108.8786504089,5644747.165472291,0.5644747165472291,0.0,299939.3054982765,1699885.3962047263
jon_base_case,11,0.0,376363.63636363635,376363.63636363635,7590000.000000003,905625.0,9961875.0,1281988.6363636362,17551875.000000004,316097.7835632249,1046027.6629761349,1738489.0829029963,1362125.4465393599,643240.9606741086,503986.4152195631,139254.54545454547,1522335.5345454547,15738333.823618617,15877588.369073162,21522335.53454545,2.152233553454545,0.0,316097.7835632249,1383787.6126415015
jon_downside_case,1,3450000.0,376363.63636363635,3826363.6363636362,3826363.6363636362,905625.0,905625.0,4731988.636363637,4731988.636363637,0.0,-3595579.6363636362,230784.0,-3595579.6363636362,85390.08,0.0,85390.08,85390.08,0.0,85390.08,85390.08,0.008539008,3595579.6363636362,0.0,3595579.6363636362
jon_downside_case,2,0.0,376363.63636363635,376363.63636363635,4202727.2727272725,905625.0,1811250.0,1281988.6363636362,6013977.272727273,0.0,-7987.636363636353,368376.0,-7987.636363636353,136299.12,0.0,136299.12,221689.2,0.0,136299.12,221689.2,0.02216892,7987.636363636353,0.0,3603567.2727272725
jon_downside_case,3,0.0,376363.63636363635,376363.63636363635,4579090.909090909,905625.0,2716875.0,1281988.6363636362,7295965.90909091,0.0,129604.36363636365,505968.0,129604.36363636365,187208.16,47953.61454545455,139254.54545454547,360943.7454545455,0.0,139254.54545454547,360943.7454545455,0.03609437454545455,0.0,0.0,3603567.2727272725
jon_downside_case,4,0.0,376363.63636363635,376363.63636363635,4955454.545454546,905625.0,3622500.0,1281988.6363636362,8577954.545454547,80404.41356321122,267196.36363636365,723964.4135632112,347600.77719957486,267866.83301838813,128612.28756384269,139254.54545454544,500198.2909090909,192970.5925517069,332225.13800625235,693168.8834607978,0.06931688834607978,0.0,80404.41356321122,3523162.859164061
jon_downside_case,5,0.0,376363.63636363635,376363.63636363635,5331818.181818183,905625.0,4528125.0,1281988.6363636362,9859943.181818184,141604.70737010756,404788.36363636365,922756.7073701075,546393.0710064712,341419.9817269398,202165.43627239432,139254.54545454547,639452.8363636364,339851.2976882581,479105.8431428036,1172274.7266036014,0.11722747266036014,0.0,141604.70737010756,3381558.1517939535
jon_downside_case,6,0.0,376363.63636363635,376363.63636363635,5708181.818181819,905625.0,5433750.0,1281988.6363636362,11141931.81818182,169796.8974912108,441491.6736363637,987652.2074912109,611288.5711275745,365431.316771748,226176.77131720257,139254.54545454544,778707.3818181818,407512.55397890595,546767.0994334514,1719041.8260370528,0.17190418260370527,0.0,169796.8974912108,3211761.254302743
jon_downside_case,7,0.0,376363.63636363635,376363.63636363635,6084545.454545456,905625.0,6339375.0,1281988.6363636362,12423920.454545457,178716.8408159471,479157.08293636364,1034237.5601159472,657873.9237523107,382667.89724290045,243413.35178835495,139254.5454545455,917961.9272727274,428920.417958273,568174.9634128185,2287216.7894498715,0.22872167894498716,0.0,178716.8408159471,3033044.413486796
jon_downside_case,8,0.0,376363.63636363635,376363.63636363635,6460909.090909093,905625.0,7245000.0,1281988.6363636362,13705909.090909094,187871.03981542555,517812.0645153638,1082046.7406944258,705683.1043307893,400357.2940569375,261102.74860239204,139254.54545454547,1057216.472727273,450890.4955570213,590145.0410115668,2877361.8304614383,0.28773618304614385,0.0,187871.03981542555,2845173.3736713706
jon_downside_case,9,0.0,376363.63636363635,376363.63636363635,6837272.727272729,905625.0,8150625.0,1281988.6363636362,14987897.72727273,197266.1887336383,557484.9016417338,1131114.7267390084,754751.0903753721,418512.44889343315,279257.9034388877,139254.54545454547,1196471.0181818183,473438.8529607319,612693.3984152774,3490055.2288767155,0.34900552288767156,0.0,197266.1887336383,2647907.1849377323
jon_downside_case,10,0.0,376363.63636363635,376363.63636363635,7213636.363636366,905625.0,9056250.0,1281988.6363636362,16269886.363636367,206909.17930763497,598204.712042895,1181477.5277141663,805113.89135053,437146.6852542415,297892.1397996961,139254.5454545454,1335725.5636363637,496582.0303383239,635836.5757928693,4125891.804669585,0.4125891804669585,0.0,206909.17930763497,2440998.0056300974
jon_downside_case,11,0.0,376363.63636363635,376363.63636363635,7590000.000000003,905625.0,9961875.0,1281988.6363636362,17551875.000000004,216807.10665897146,640001.472798701,1233172.215821309,856808.5794576725,456273.7198538843,317019.17439933884,139254.54545454547,1474980.1090909091,520337.0559815315,659591.6014360769,4785483.406105662,0.47854834061056617,0.0,216807.10665897146,2224190.898971126
jon_downside_case,12,0.0,376363.63636363635,376363.63636363635,7966363.6363636395,905625.0,10867500.0,1281988.6363636362,18833863.63636364,226967.27536156902,682906.0459802173,1286236.9577054228,909873.3213417863,475907.6743510064,336653.1288964609,139254.54545454547,1614234.6545454545,544721.4608677656,683976.006322311,5469459.412427973,0.5469459412427973,0.0,226967.27536156902,1997223.6236095568
jon_downside_case,13,0.0,376363.63636363635,376363.63636363635,8342727.272727276,905625.0,11773125.0,1281988.6363636362,20115852.272727277,237397.2056912728,726950.2050562453,1340711.0471111545,964347.4107475181,496063.08743112715,356808.5419765817,139254.54545454547,1753489.2,569753.2936590547,709007.8391136001,6178467.251541574,0.6178467251541574,0.0,237397.2056912728,1759826.417918284
jon_downside_case,14,0.0,376363.63636363635,376363.63636363635,8719090.909090912,905625.0,12678750.0,1281988.6363636362,21397840.909090914,248104.6400625563,772166.6620906115,1396634.938516804,1020271.3021531678,516754.9272512175,377500.38179667207,139254.5454545454,1892743.7454545454,595451.1361501351,734705.6816046805,6913172.933146254,0.6913172933146254,0.0,248104.6400625563,1511721.7778557276
jon_downside_case,15,0.0,376363.63636363635,376363.63636363635,9095454.545454549,905625.0,13584375.0,1281988.6363636362,22679829.54545455,259097.5496579837,818589.0957539262,1454050.2817755463,1077686.64541191,537998.6042569521,398744.0588024067,139254.54545454535,2031998.2909090908,14979570.812308291,15118825.357762836,22031998.29090909,2.203199829090909,0.0,259097.5496579837,1252624.2281977439
jon_property_shock_25,1,3450000.0,376363.63636363635,3826363.6363636362,3826363.6363636362,905625.0,905625.0,4731988.636363637,4731988.636363637,0.0,-3475579.6363636362,350784.0,-3475579.6363636362,129790.08,0.0,129790.08,129790.08,0.0,129790.08,129790.08,0.012979008,3475579.6363636362,0.0,3475579.6363636362
jon_property_shock_25,2,0.0,376363.63636363635,376363.63636363635,4202727.2727272725,905625.0,1811250.0,1281988.6363636362,6013977.272727273,0.0,172012.36363636365,548376.0,172012.36363636365,202899.12,63644.57454545455,139254.54545454544,269044.6254545454,0.0,139254.54545454544,269044.6254545454,0.026904462545454543,0.0,0.0,3475579.6363636362
jon_property_shock_25,3,0.0,376363.63636363635,376363.63636363635,4579090.909090909,905625.0,2716875.0,1281988.6363636362,7295965.90909091,66580.4001584575,369604.36363636365,812548.4001584575,436184.76379482116,300642.90805862925,161388.36260408384,139254.5454545454,408299.17090909084,159792.960380298,299047.5058348434,568092.1312893888,0.05680921312893888,0.0,66580.4001584575,3408999.236205179
jon_property_shock_25,4,0.0,376363.63636363635,376363.63636363635,4955454.545454546,905625.0,3622500.0,1281988.6363636362,8577954.545454547,175604.41356321122,567196.3636363636,1119164.4135632112,742800.7771995749,414090.83301838813,274836.2875638427,139254.5454545454,547553.7163636363,421450.5925517069,560705.1380062522,1128797.269295641,0.11287972692956409,0.0,175604.41356321122,3233394.822641968
jon_property_shock_25,5,0.0,376363.63636363635,376363.63636363635,5331818.181818183,905625.0,4528125.0,1281988.6363636362,9859943.181818184,232313.20737010756,667688.3636363636,1276365.2073701075,900001.5710064712,472255.1267269398,333000.58127239434,139254.54545454547,686808.2618181817,557551.6976882581,696806.2431428037,1825603.5124384447,0.18256035124384445,0.0,232313.20737010756,3001081.6152718603
jon_property_shock_25,6,0.0,376363.63636363635,376363.63636363635,5708181.818181819,905625.0,5433750.0,1281988.6363636362,11141931.81818182,255251.6524912108,726178.6736363637,1357793.962491211,981430.3261275745,502383.7661217481,363129.22066720255,139254.54545454553,826062.8072727273,612603.9659789059,751858.5114334514,2577462.023871896,0.2577462023871896,0.0,255251.6524912108,2745829.9627806493
jon_property_shock_25,7,0.0,376363.63636363635,376363.63636363635,6084545.454545456,905625.0,6339375.0,1281988.6363636362,12423920.454545457,269608.2509659471,786423.6929363635,1432395.5802659472,1056031.9439023107,529986.3646984005,390731.81924385496,139254.54545454553,965317.3527272728,647059.802318273,786314.3477728185,3363776.3716447144,0.33637763716447144,0.0,269608.2509659471,2476221.711814702
jon_property_shock_25,8,0.0,376363.63636363635,376363.63636363635,6460909.090909093,905625.0,7245000.0,1281988.6363636362,13705909.090909094,284395.54739492555,848476.0628153639,1509235.246573926,1132871.6102102895,558417.0412323526,419162.4957778071,139254.54545454553,1104571.8981818184,682549.3137478213,821803.8592023668,4185580.230847081,0.41855802308470813,0.0,284395.54739492555,2191826.1644197763
jon_property_shock_25,9,0.0,376363.63636363635,376363.63636363635,6837272.727272729,905625.0,8150625.0,1281988.6363636362,14987897.72727273,299626.46271677327,912390.0037907338,1588380.1028711433,1212016.466507507,587700.638062323,448446.09260777757,139254.5454545454,1243826.4436363638,719103.5105202558,858358.0559748012,5043938.286821882,0.5043938286821882,0.0,299626.46271677327,1892199.7017030031
jon_property_shock_25,10,0.0,376363.63636363635,376363.63636363635,7213636.363636366,905625.0,9056250.0,1281988.6363636362,16269886.363636367,315314.3054982765,978221.362995365,1669899.3048572778,1293535.6684936415,617862.7427971928,478608.19734264736,139254.5454545454,1383080.9890909093,756754.3331958635,896008.8786504089,5939947.165472291,0.5939947165472291,0.0,315314.3054982765,1576885.3962047268
jon_property_shock_25,11,0.0,376363.63636363635,376363.63636363635,7590000.000000003,905625.0,9961875.0,1281988.6363636362,17551875.000000004,331472.7835632249,1046027.6629761349,1753864.0829029963,1377500.4465393599,648929.7106741086,509675.1652195631,139254.54545454547,1522335.5345454547,795534.6805517398,934789.2260062853,6874736.391478577,0.6874736391478576,0.0,331472.7835632249,1245412.612641502
jon_property_shock_25,12,0.0,376363.63636363635,376363.63636363635,7966363.6363636395,905625.0,10867500.0,1281988.6363636362,18833863.63636364,348116.01597012166,1115868.1519563287,1840347.8042900865,1463984.1679264503,680928.687587332,541674.1421327866,139254.5454545454,1661590.08,14647599.143066877,14786853.688521422,21661590.08,2.1661590079999997,0.0,348116.01597012166,897296.5966713803
jon_property_shock_40,1,3450000.0,376363.63636363635,3826363.6363636362,3826363.6363636362,905625.0,905625.0,4731988.636363637,4731988.636363637,0.0,-3475579.6363636362,350784.0,-3475579.6363636362,129790.08,0.0,129790.08,129790.08,0.0,129790.08,129790.08,0.012979008,3475579.6363636362,0.0,3475579.6363636362
jon_property_shock_40,2,0.0,376363.63636363635,376363.63636363635,4202727.2727272725,905625.0,1811250.0,1281988.6363636362,6013977.272727273,0.0,172012.36363636365,548376.0,172012.36363636365,202899.12,63644.57454545455,139254.54545454544,269044.6254545454,0.0,139254.54545454544,269044.6254545454,0.026904462545454543,0.0,0.0,3475579.6363636362
jon_property_shock_40,3,0.0,376363.63636363635,376363.63636363635,4579090.909090909,905625.0,2716875.0,1281988.6363636362,7295965.90909091,89755.4001584575,369604.36363636365,835723.4001584575,459359.76379482116,309217.65805862925,169963.11260408384,139254.5454545454,408299.17090909084,215412.960380298,354667.5058348434,623712.1312893888,0.062371213128938875,0.0,89755.4001584575,3385824.236205179
jon_property_shock_40,4,0.0,376363.63636363635,376363.63636363635,4955454.545454546,905625.0,3622500.0,1281988.6363636362,8577954.545454547,198779.41356321122,567196.3636363636,1142339.4135632112,765975.7771995749,422665.58301838813,283411.0375638427,139254.5454545454,547553.7163636363,477070.5925517069,616325.1380062522,1240037.269295641,0.1240037269295641,0.0,198779.41356321122,3187044.822641968
jon_property_shock_40,5,0.0,376363.63636363635,376363.63636363635,5331818.181818183,905625.0,4528125.0,1281988.6363636362,9859943.181818184,255488.20737010756,667688.3636363636,1299540.2073701075,923176.5710064712,480829.8767269398,341575.33127239434,139254.54545454547,686808.2618181817,613171.6976882581,752426.2431428037,1992463.5124384447,0.19924635124384446,0.0,255488.20737010756,2931556.6152718603
jon_property_shock_40,6,0.0,376363.63636363635,376363.63636363635,5708181.818181819,905625.0,5433750.0,1281988.6363636362,11141931.81818182,278426.6524912108,726178.6736363637,1380968.962491211,1004605.3261275745,510958.5161217481,371703.97066720255,139254.54545454553,826062.8072727273,668223.9659789059,807478.5114334514,2799942.023871896,0.2799942023871896,0.0,278426.6524912108,2653129.9627806493
jon_property_shock_40,7,0.0,376363.63636363635,376363.63636363635,6084545.454545456,905625.0,6339375.0,1281988.6363636362,12423920.454545457,292783.2509659471,786423.6929363635,1455570.5802659472,1079206.9439023107,538561.1146984005,399306.56924385496,139254.54545454553,965317.3527272728,702679.802318273,841934.3477728185,3641876.3716447144,0.36418763716447144,0.0,292783.2509659471,2360346.711814702
jon_property_shock_40,8,0.0,376363.63636363635,376363.63636363635,6460909.090909093,905625.0,7245000.0,1281988.6363636362,13705909.090909094,307570.54739492555,848476.0628153639,1532410.246573926,1156046.6102102895,566991.7912323526,427737.2457778071,139254.54545454553,1104571.8981818184,738169.3137478213,877423.8592023668,4519300.230847081,0.45193002308470814,0.0,307570.54739492555,2052776.1644197765
jon_property_shock_40,9,0.0,376363.63636363635,376363.63636363635,6837272.727272729,905625.0,8150625.0,1281988.6363636362,14987897.72727273,322801.46271677327,912390.0037907338,1611555.1028711433,1235191.466507507,596275.388062323,457020.84260777757,139254.5454545454,1243826.4436363638,774723.5105202558,913978.0559748012,5433278.286821882,0.5433278286821882,0.0,322801.46271677327,1729974.7017030031
jon_property_shock_40,10,0.0,376363.63636363635,376363.63636363635,7213636.363636366,905625.0,9056250.0,1281988.6363636362,16269886.363636367,338489.3054982765,978221.362995365,1693074.3048572778,1316710.6684936415,626437.4927971928,487182.94734264736,139254.5454545454,1383080.9890909093,812374.3331958635,951628.8786504089,6384907.165472291,0.6384907165472291,0.0,338489.3054982765,1391485.3962047268
jon_property_shock_40,11,0.0,376363.63636363635,376363.63636363635,7590000.000000003,905625.0,9961875.0,1281988.6363636362,17551875.000000004,354647.7835632249,1046027.6629761349,1777039.0829029963,1400675.4465393599,657504.4606741086,518249.9152195631,139254.54545454547,1522335.5345454547,851154.6805517398,990409.2260062853,7375316.391478577,0.7375316391478577,0.0,354647.7835632249,1036837.6126415019
jon_property_shock_40,12,0.0,376363.63636363635,376363.63636363635,7966363.6363636395,905625.0,10867500.0,1281988.6363636362,18833863.63636364,371291.01597012166,1115868.1519563287,1863522.8042900865,1487159.1679264503,689503.437587332,550248.8921327866,139254.5454545454,1661590.08,14147019.143066877,14286273.688521422,21661590.08,2.1661590079999997,0.0,371291.01597012166,665546.5966713803
five_million_fund,1,3450000.0,376363.63636363635,3826363.6363636362,3826363.6363636362,905625.0,905625.0,4731988.636363637,4731988.636363637,39000.0,-4566988.636363637,-701625.0,-4527988.636363637,0.0,0.0,0.0,0.0,93600.0,93600.0,93600.0,0.00936,4566988.636363637,39000.0,4527988.636363637
five_million_fund,2,0.0,376363.63636363635,376363.63636363635,4202727.2727272725,905625.0,1811250.0,1281988.6363636362,6013977.272727273,41444.625,-1106940.1363636362,-689131.875,-1065495.5113636362,0.0,0.0,0.0,0.0,99467.09999999999,99467.09999999999,193067.09999999998,0.019306709999999998,1106940.1363636362,41444.625,5593484.147727273
five_million_fund,3,0.0,376363.63636363635,376363.63636363635,4579090.909090909,905625.0,2716875.0,1281988.6363636362,7295965.90909091,44040.213412499994,-1096279.6827136362,-675875.8329375,-1052239.4693011362,0.0,0.0,0.0,0.0,105696.51218999998,105696.51218999998,298763.61218999996,0.029876361218999996,1096279.6827136362,44040.213412499994,6645723.61702841
five_million_fund,4,0.0,376363.63636363635,376363.63636363635,4955454.545454546,905625.0,3622500.0,1281988.6363636362,8577954.545454547,46796.02148182125,-1084970.0074363514,-661810.3495908937,-1038173.9859545302,0.0,0.0,0.0,0.0,112310.45155637099,112310.45155637099,411074.06374637096,0.0411074063746371,1084970.0074363514,46796.02148182125,7683897.60298294
five_million_fund,5,0.0,376363.63636363635,376363.63636363635,5331818.181818183,905625.0,4528125.0,1281988.6363636362,9859943.181818184,49721.871034739175,-1072971.5729346797,-646886.0655363041,-1023249.7018999405,0.0,0.0,0.0,0.0,119332.49048337401,119332.49048337401,530406.554229745,0.053040655422974495,1072971.5729346797,49721.871034739175,8707147.30488288
five_million_fund,6,0.0,376363.63636363635,376363.63636363635,5708181.818181819,905625.0,5433750.0,1281988.6363636362,11141931.81818182,52828.18398077003,-1060242.4337718561,-631050.6134274498,-1007414.2497910861,0.0,0.0,0.0,0.0,126787.64155384807,126787.64155384807,657194.195783593,0.0657194195783593,1060242.4337718561,52828.18398077003,9714561.554673966
five_million_fund,7,0.0,376363.63636363635,376363.63636363635,6084545.454545456,905625.0,6339375.0,1281988.6363636362,12423920.454545457,56126.01891521464,-1046738.0900340168,-614248.4347551658,-990612.0711188021,0.0,0.0,0.0,0.0,134702.44539651513,134702.44539651513,791896.6411801081,0.0791896641180108,1046738.0900340168,56126.01891521464,10705173.625792768
five_million_fund,8,0.0,376363.63636363635,376363.63636363635,6460909.090909093,905625.0,7245000.0,1281988.6363636362,13705909.090909094,59627.109953067404,-1032411.331762543,-596420.5854458392,-972784.2218094756,0.0,0.0,0.0,0.0,143105.06388736176,143105.06388736176,935001.7050674699,0.09350017050674699,1032411.331762543,59627.109953067404,11677957.847602243
five_million_fund,9,0.0,376363.63636363635,376363.63636363635,6837272.727272729,905625.0,8150625.0,1281988.6363636362,14987897.72727273,63343.90792970289,-1017212.0739123363,-577504.529618997,-953868.1659826334,0.0,0.0,0.0,0.0,152025.37903128692,152025.37903128692,1087027.0840987568,0.10870270840987568,1017212.0739123363,63343.90792970289,12631826.013584875
five_million_fund,10,0.0,376363.63636363635,376363.63636363635,7213636.363636366,905625.0,9056250.0,1281988.6363636362,16269886.363636367,67289.62411253026,-1001087.1812590521,-557433.9207828855,-933797.5571465219,0.0,0.0,0.0,0.0,161495.0978700726,161495.0978700726,1248522.1819688294,0.12485221819688294,1001087.1812590521,67289.62411253026,13565623.570731398
five_million_fund,11,0.0,376363.63636363635,376363.63636363635,7590000.000000003,905625.0,9961875.0,1281988.6363636362,17551875.000000004,71478.2765765891,-983980.2826431829,-536138.3697029575,-912502.0060665938,0.0,0.0,0.0,0.0,171547.8637838138,171547.8637838138,1420070.0457526431,0.1420070045752643,983980.2826431829,71478.2765765891,14478125.57679799
five_million_fund,12,0.0,376363.63636363635,376363.63636363635,7966363.6363636395,905625.0,10867500.0,1281988.6363636362,18833863.63636364,75924.73940637725,-965831.5739016073,-513543.1981315937,-889906.8344952301,0.0,0.0,0.0,0.0,8579929.954247357,8579929.954247357,10000000.0,1.0,965831.5739016073,75924.73940637725,15368032.41129322
jon_upside_case,1,3450000.0,376363.63636363635,3826363.6363636362,3826363.6363636362,905625.0,905625.0,4731988.636363637,4731988.636363637,0.0,-3375579.6363636362,450784.0,-3375579.6363636362,166790.08,0.0,166790.08,166790.08,0.0,166790.08,166790.08,0.016679008,3375579.6363636362,0.0,3375579.6363636362
jon_upside_case,2,0.0,376363.63636363635,376363.63636363635,4202727.2727272725,905625.0,1811250.0,1281988.6363636362,6013977.272727273,0.0,362012.36363636365,738376.0,362012.36363636365,273199.12,133944.57454545455,139254.54545454544,306044.6254545454,0.0,139254.54545454544,306044.6254545454,0.03060446254545454,0.0,0.0,3375579.6363636362
jon_upside_case,3,0.0,376363.63636363635,376363.63636363635,4579090.909090909,905625.0,2716875.0,1281988.6363636362,7295965.90909091,133724.1501584575,649604.3636363636,1159692.1501584575,783328.5137948211,429086.09555862925,289831.5501040838,139254.54545454547,445299.1709090909,320937.96038029797,460192.50583484344,766237.1312893889,0.07662371312893888,0.0,133724.1501584575,3241855.486205179
jon_upside_case,4,0.0,376363.63636363635,376363.63636363635,4955454.545454546,905625.0,3622500.0,1281988.6363636362,8577954.545454547,212076.91356321122,765596.3636363636,1354036.9135632114,977673.2771995749,500993.6580183882,361739.1125638427,139254.54545454553,584553.7163636364,508984.5925517069,648239.1380062525,1414476.2692956412,0.1414476269295641,0.0,212076.91356321122,3029778.572641968
jon_upside_case,5,0.0,376363.63636363635,376363.63636363635,5331818.181818183,905625.0,4528125.0,1281988.6363636362,9859943.181818184,273091.60737010755,883324.3636363636,1532779.6073701074,1156415.9710064712,567128.4547269398,427873.9092723943,139254.54545454547,723808.261818182,655419.857688258,794674.4031428036,2209150.6724384446,0.22091506724384447,0.0,273091.60737010755,2756686.9652718604
jon_upside_case,6,0.0,376363.63636363635,376363.63636363635,5708181.818181819,905625.0,5433750.0,1281988.6363636362,11141931.81818182,300575.1484912108,960019.1136363636,1636957.8984912108,1260594.2621275745,605674.422441748,466419.87698720256,139254.5454545454,863062.8072727274,721380.3563789059,860634.9018334514,3069785.574271896,0.3069785574271896,0.0,300575.1484912108,2456111.8167806496
jon_upside_case,7,0.0,376363.63636363635,376363.63636363635,6084545.454545456,905625.0,6339375.0,1281988.6363636362,12423920.454545457,319727.61560594715,1039484.120536364,1735575.3725059475,1359211.7361423112,642162.8878272006,502908.34237265517,139254.5454545454,1002317.3527272728,767346.2774542732,906600.8229088186,3976386.3971807146,0.39763863971807145,0.0,319727.61560594715,2136384.2011747025
jon_upside_case,8,0.0,376363.63636363635,376363.63636363635,6460909.090909093,905625.0,7245000.0,1281988.6363636362,13705909.090909094,339573.65328452556,1121821.2686193637,1837758.5582675254,1461394.9219038892,679970.6665589844,540716.121104439,139254.5454545454,1141571.8981818182,814976.7678828613,954231.3133374067,4930617.710518122,0.49306177105181215,0.0,339573.65328452556,1796810.547890177
jon_upside_case,9,0.0,376363.63636363635,376363.63636363635,6837272.727272729,905625.0,8150625.0,1281988.6363636362,14987897.72727273,360138.8285058774,1207136.2497598943,1943638.714629408,1567275.0782657717,719146.3244128809,579891.7789583355,139254.5454545454,1280826.4436363636,16210954.187663697,16350208.733118242,21280826.443636365,2.1280826443636367,0.0,360138.8285058774,1436671.7193842996
oak_cliff_base_no_refi,1,3450000.0,376363.63636363635,3826363.6363636362,3826363.6363636362,905625.0,905625.0,4731988.636363637,4731988.636363637,0.0,-4030579.6363636362,-204216.0,-4030579.6363636362,0.0,0.0,0.0,0.0,0.0,0.0,0.0,0.0,4030579.6363636362,0.0,4030579.6363636362
oak_cliff_base_no_refi,2,0.0,376363.63636363635,376363.63636363635,4202727.2727272725,905625.0,1811250.0,1281988.6363636362,6013977.272727273,0.0,-507987.63636363635,-131624.0,-507987.63636363635,0.0,0.0,0.0,0.0,0.0,0.0,0.0,0.0,507987.63636363635,0.0,4538567.2727272725
oak_cliff_base_no_refi,3,0.0,376363.63636363635,376363.63636363635,4579090.909090909,905625.0,2716875.0,1281988.6363636362,7295965.90909091,16755.400158457494,-435395.63636363635,-42276.59984154254,-418640.23620517884,0.0,0.0,0.0,0.0,40212.960380297984,40212.960380297984,40212.960380297984,0.004021296038029799,435395.63636363635,16755.400158457494,4957207.508932452
oak_cliff_base_no_refi,4,0.0,376363.63636363635,376363.63636363635,4955454.545454546,905625.0,3622500.0,1281988.6363636362,8577954.545454547,84529.41356321122,-362803.63636363635,98089.41356321122,-278274.22280042514,36293.08301838815,0.0,36293.08301838815,36293.08301838815,202870.5925517069,239163.67557009507,279376.63595039304,0.027937663595039304,362803.63636363635,84529.41356321122,5235481.731732877
oak_cliff_base_no_refi,5,0.0,376363.63636363635,376363.63636363635,5331818.181818183,905625.0,4528125.0,1281988.6363636362,9859943.181818184,118292.20737010756,-290211.63636363635,204444.20737010753,-171919.4289935288,75644.35672693979,0.0,75644.35672693979,111937.43974532794,283901.2976882581,359545.6544151979,638922.290365591,0.0638922290365591,290211.63636363635,118292.20737010756,5407401.160726406
oak_cliff_base_no_refi,6,0.0,376363.63636363635,376363.63636363635,5708181.818181819,905625.0,5433750.0,1281988.6363636362,11141931.81818182,134333.7724912108,-260458.3263636363,250239.0824912109,-126124.55387242549,92588.46052174803,0.0,92588.46052174803,204525.90026707598,322401.05397890595,414989.51450065395,1053911.804866245,0.1053911804866245,260458.3263636363,134333.7724912108,5533525.714598831
oak_cliff_base_no_refi,7,0.0,376363.63636363635,376363.63636363635,6084545.454545456,905625.0,6339375.0,1281988.6363636362,12423920.454545457,141586.5845659471,-229812.41706363636,288137.80386594706,-88225.83249768926,106610.98743040042,0.0,106610.98743040042,311136.8876974764,339807.80295827304,446418.7903886734,1500330.5952549186,0.15003305952549187,229812.41706363636,141586.5845659471,5621751.547096521
oak_cliff_base_year4_refi,1,3450000.0,376363.63636363635,3826363.6363636362,3826363.6363636362,905625.0,905625.0,4731988.636363637,4731988.636363637,0.0,-4030579.6363636362,-204216.0,-4030579.6363636362,0.0,0.0,0.0,0.0,0.0,0.0,0.0,0.0,4030579.6363636362,0.0,4030579.6363636362
oak_cliff_base_year4_refi,2,0.0,376363.63636363635,376363.63636363635,4202727.2727272725,905625.0,1811250.0,1281988.6363636362,6013977.272727273,0.0,-507987.63636363635,-131624.0,-507987.63636363635,0.0,0.0,0.0,0.0,0.0,0.0,0.0,0.0,507987.63636363635,0.0,4538567.2727272725
oak_cliff_base_year4_refi,3,0.0,376363.63636363635,376363.63636363635,4579090.909090909,905625.0,2716875.0,1281988.6363636362,7295965.90909091,16755.400158457494,-435395.63636363635,-42276.59984154254,-418640.23620517884,0.0,0.0,0.0,0.0,40212.960380297984,40212.960380297984,40212.960380297984,0.004021296038029799,435395.63636363635,16755.400158457494,4957207.508932452
oak_cliff_base_year4_refi,4,0.0,376363.63636363635,376363.63636363635,4955454.545454546,905625.0,3622500.0,1281988.6363636362,8577954.545454547,84529.41356321122,-362803.63636363635,98089.41356321122,-278274.22280042514,36293.08301838815,0.0,36293.08301838815,36293.08301838815,202870.5925517069,239163.67557009507,279376.63595039304,0.027937663595039304,362803.63636363635,84529.41356321122,5235481.731732877
oak_cliff_base_year4_refi,5,0.0,376363.63636363635,376363.63636363635,5331818.181818183,905625.0,4528125.0,1281988.6363636362,9859943.181818184,118292.20737010756,-290211.63636363635,204444.20737010753,-171919.4289935288,75644.35672693979,0.0,75644.35672693979,111937.43974532794,283901.2976882581,359545.6544151979,638922.290365591,0.0638922290365591,290211.63636363635,118292.20737010756,5407401.160726406
oak_cliff_base_year4_refi,6,0.0,376363.63636363635,376363.63636363635,5708181.818181819,905625.0,5433750.0,1281988.6363636362,11141931.81818182,134333.7724912108,-260458.3263636363,250239.0824912109,-126124.55387242549,92588.46052174803,0.0,92588.46052174803,204525.90026707598,322401.05397890595,414989.51450065395,1053911.804866245,0.1053911804866245,260458.3263636363,134333.7724912108,5533525.714598831
oak_cliff_base_year4_refi,7,0.0,376363.63636363635,376363.63636363635,6084545.454545456,905625.0,6339375.0,1281988.6363636362,12423920.454545457,141586.5845659471,-229812.41706363636,288137.80386594706,-88225.83249768926,106610.98743040042,0.0,106610.98743040042,311136.8876974764,339807.80295827304,446418.7903886734,1500330.5952549186,0.15003305952549187,229812.41706363636,141586.5845659471,5621751.547096521
oak_cliff_year4_refi_to_lp,1,3450000.0,376363.63636363635,3826363.6363636362,3826363.6363636362,905625.0,905625.0,4731988.636363637,4731988.636363637,0.0,-4030579.6363636362,-204216.0,-4030579.6363636362,0.0,0.0,0.0,0.0,0.0,0.0,0.0,0.0,4030579.6363636362,0.0,4030579.6363636362
oak_cliff_year4_refi_to_lp,2,0.0,376363.63636363635,376363.63636363635,4202727.2727272725,905625.0,1811250.0,1281988.6363636362,6013977.272727273,0.0,-507987.63636363635,-131624.0,-507987.63636363635,0.0,0.0,0.0,0.0,0.0,0.0,0.0,0.0,507987.63636363635,0.0,4538567.2727272725
oak_cliff_year4_refi_to_lp,3,0.0,376363.63636363635,376363.63636363635,4579090.909090909,905625.0,2716875.0,1281988.6363636362,7295965.90909091,16755.400158457494,-435395.63636363635,-42276.59984154254,-418640.23620517884,0.0,0.0,0.0,0.0,40212.960380297984,40212.960380297984,40212.960380297984,0.004021296038029799,435395.63636363635,16755.400158457494,4957207.508932452
oak_cliff_year4_refi_to_lp,4,0.0,376363.63636363635,376363.63636363635,4955454.545454546,905625.0,3622500.0,1281988.6363636362,8577954.545454547,84529.41356321122,-362803.63636363635,98089.41356321122,-278274.22280042514,36293.08301838815,0.0,36293.08301838815,36293.08301838815,2048689.0331897002,2084982.1162080884,2125195.076588386,0.21251950765883862,362803.63636363635,84529.41356321122,5235481.731732877
oak_cliff_year4_refi_to_lp,5,0.0,376363.63636363635,376363.63636363635,5331818.181818183,905625.0,4528125.0,1281988.6363636362,9859943.181818184,118292.20737010756,-290211.63636363635,204444.20737010753,-171919.4289935288,75644.35672693979,0.0,75644.35672693979,111937.43974532794,283901.2976882581,359545.6544151979,2484740.7310035843,0.24847407310035843,290211.63636363635,118292.20737010756,5407401.160726406
oak_cliff_year4_refi_to_lp,6,0.0,376363.63636363635,376363.63636363635,5708181.818181819,905625.0,5433750.0,1281988.6363636362,11141931.81818182,134333.7724912108,-260458.3263636363,250239.0824912109,-126124.55387242549,92588.46052174803,0.0,92588.46052174803,204525.90026707598,322401.05397890595,414989.51450065395,2899730.245504238,0.28997302455042384,260458.3263636363,134333.7724912108,5533525.714598831
oak_cliff_year4_refi_to_lp,7,0.0,376363.63636363635,376363.63636363635,6084545.454545456,905625.0,6339375.0,1281988.6363636362,12423920.454545457,141586.5845659471,-229812.41706363636,288137.80386594706,-88225.83249768926,106610.98743040042,0.0,106610.98743040042,311136.8876974764,339807.80295827304,446418.7903886734,3346149.0358929117,0.3346149035892912,229812.41706363636,141586.5845659471,5621751.547096521
oak_cliff_6m_year5_sale_to_lp,1,3450000.0,376363.63636363635,3826363.6363636362,3826363.6363636362,905625.0,905625.0,4731988.636363637,4731988.636363637,0.0,-4030579.6363636362,-204216.0,-4030579.6363636362,0.0,0.0,0.0,0.0,0.0,0.0,0.0,0.0,4030579.6363636362,0.0,4030579.6363636362
oak_cliff_6m_year5_sale_to_lp,2,0.0,376363.63636363635,376363.63636363635,4202727.2727272725,905625.0,1811250.0,1281988.6363636362,6013977.272727273,0.0,-507987.63636363635,-131624.0,-507987.63636363635,0.0,0.0,0.0,0.0,0.0,0.0,0.0,0.0,507987.63636363635,0.0,4538567.2727272725
oak_cliff_6m_year5_sale_to_lp,3,0.0,376363.63636363635,376363.63636363635,4579090.909090909,905625.0,2716875.0,1281988.6363636362,7295965.90909091,16755.400158457494,-435395.63636363635,-42276.59984154254,-418640.23620517884,0.0,0.0,0.0,0.0,40212.960380297984,40212.960380297984,40212.960380297984,0.004021296038029799,435395.63636363635,16755.400158457494,4957207.508932452
oak_cliff_6m_year5_sale_to_lp,4,0.0,376363.63636363635,376363.63636363635,4955454.545454546,905625.0,3622500.0,1281988.6363636362,8577954.545454547,84529.41356321122,-362803.63636363635,98089.41356321122,-278274.22280042514,36293.08301838815,0.0,36293.08301838815,36293.08301838815,202870.5925517069,239163.67557009507,279376.63595039304,0.027937663595039304,362803.63636363635,84529.41356321122,5235481.731732877
oak_cliff_6m_year5_sale_to_lp,5,0.0,376363.63636363635,376363.63636363635,5331818.181818183,905625.0,4528125.0,1281988.6363636362,9859943.181818184,118292.20737010756,-290211.63636363635,204444.20737010753,-171919.4289935288,75644.35672693979,0.0,75644.35672693979,111937.43974532794,6252479.35053097,6328123.70725791,6607500.343208303,0.6607500343208302,290211.63636363635,118292.20737010756,5407401.160726406
oak_cliff_6m_year5_sale_to_lp,6,0.0,376363.63636363635,376363.63636363635,5708181.818181819,905625.0,5433750.0,1281988.6363636362,11141931.81818182,134333.7724912108,-260458.3263636363,250239.0824912109,-126124.55387242549,92588.46052174803,0.0,92588.46052174803,204525.90026707598,322401.05397890595,414989.51450065395,7022489.857708957,0.7022489857708957,260458.3263636363,134333.7724912108,5533525.714598831
oak_cliff_6m_year5_sale_to_lp,7,0.0,376363.63636363635,376363.63636363635,6084545.454545456,905625.0,6339375.0,1281988.6363636362,12423920.454545457,141586.5845659471,-229812.41706363636,288137.80386594706,-88225.83249768926,106610.98743040042,0.0,106610.98743040042,311136.8876974764,339807.80295827304,446418.7903886734,7468908.648097631,0.7468908648097631,229812.41706363636,141586.5845659471,5621751.547096521
oak_cliff_6m_year5_sale_plus_refi_to_lp,1,3450000.0,376363.63636363635,3826363.6363636362,3826363.6363636362,905625.0,905625.0,4731988.636363637,4731988.636363637,0.0,-4030579.6363636362,-204216.0,-4030579.6363636362,0.0,0.0,0.0,0.0,0.0,0.0,0.0,0.0,4030579.6363636362,0.0,4030579.6363636362
oak_cliff_6m_year5_sale_plus_refi_to_lp,2,0.0,376363.63636363635,376363.63636363635,4202727.2727272725,905625.0,1811250.0,1281988.6363636362,6013977.272727273,0.0,-507987.63636363635,-131624.0,-507987.63636363635,0.0,0.0,0.0,0.0,0.0,0.0,0.0,0.0,507987.63636363635,0.0,4538567.2727272725
oak_cliff_6m_year5_sale_plus_refi_to_lp,3,0.0,376363.63636363635,376363.63636363635,4579090.909090909,905625.0,2716875.0,1281988.6363636362,7295965.90909091,16755.400158457494,-435395.63636363635,-42276.59984154254,-418640.23620517884,0.0,0.0,0.0,0.0,40212.960380297984,40212.960380297984,40212.960380297984,0.004021296038029799,435395.63636363635,16755.400158457494,4957207.508932452
oak_cliff_6m_year5_sale_plus_refi_to_lp,4,0.0,376363.63636363635,376363.63636363635,4955454.545454546,905625.0,3622500.0,1281988.6363636362,8577954.545454547,84529.41356321122,-362803.63636363635,98089.41356321122,-278274.22280042514,36293.08301838815,0.0,36293.08301838815,36293.08301838815,2048689.0331897002,2084982.1162080884,2125195.076588386,0.21251950765883862,362803.63636363635,84529.41356321122,5235481.731732877
oak_cliff_6m_year5_sale_plus_refi_to_lp,5,0.0,376363.63636363635,376363.63636363635,5331818.181818183,905625.0,4528125.0,1281988.6363636362,9859943.181818184,118292.20737010756,-290211.63636363635,204444.20737010753,-171919.4289935288,75644.35672693979,0.0,75644.35672693979,111937.43974532794,4406660.9099171925,4482305.266644132,6607500.343232518,0.6607500343232519,290211.63636363635,118292.20737010756,5407401.160726406
oak_cliff_6m_year5_sale_plus_refi_to_lp,6,0.0,376363.63636363635,376363.63636363635,5708181.818181819,905625.0,5433750.0,1281988.6363636362,11141931.81818182,134333.7724912108,-260458.3263636363,250239.0824912109,-126124.55387242549,92588.46052174803,0.0,92588.46052174803,204525.90026707598,322401.05397890595,414989.51450065395,7022489.857733172,0.7022489857733173,260458.3263636363,134333.7724912108,5533525.714598831
oak_cliff_6m_year5_sale_plus_refi_to_lp,7,0.0,376363.63636363635,376363.63636363635,6084545.454545456,905625.0,6339375.0,1281988.6363636362,12423920.454545457,141586.5845659471,-229812.41706363636,288137.80386594706,-88225.83249768926,106610.98743040042,0.0,106610.98743040042,311136.8876974764,339807.80295827304,446418.7903886734,7468908.648121846,0.7468908648121846,229812.41706363636,141586.5845659471,5621751.547096521
oak_cliff_6m_year5_sale_hf25_backend_liquidation,1,3450000.0,376363.63636363635,3826363.6363636362,3826363.6363636362,905625.0,905625.0,4731988.636363637,4731988.636363637,0.0,-4030579.6363636362,-204216.0,-4030579.6363636362,0.0,0.0,0.0,0.0,0.0,0.0,0.0,0.0,4030579.6363636362,0.0,4030579.6363636362
oak_cliff_6m_year5_sale_hf25_backend_liquidation,2,0.0,376363.63636363635,376363.63636363635,4202727.2727272725,905625.0,1811250.0,1281988.6363636362,6013977.272727273,0.0,-507987.63636363635,-131624.0,-507987.63636363635,0.0,0.0,0.0,0.0,0.0,0.0,0.0,0.0,507987.63636363635,0.0,4538567.2727272725
oak_cliff_6m_year5_sale_hf25_backend_liquidation,3,0.0,376363.63636363635,376363.63636363635,4579090.909090909,905625.0,2716875.0,1281988.6363636362,7295965.90909091,16755.400158457494,-435395.63636363635,-42276.59984154254,-418640.23620517884,0.0,0.0,0.0,0.0,40212.960380297984,40212.960380297984,40212.960380297984,0.004021296038029799,435395.63636363635,16755.400158457494,4957207.508932452
oak_cliff_6m_year5_sale_hf25_backend_liquidation,4,0.0,376363.63636363635,376363.63636363635,4955454.545454546,905625.0,3622500.0,1281988.6363636362,8577954.545454547,84529.41356321122,-362803.63636363635,98089.41356321122,-278274.22280042514,36293.08301838815,0.0,36293.08301838815,36293.08301838815,202870.5925517069,239163.67557009507,279376.63595039304,0.027937663595039304,362803.63636363635,84529.41356321122,5235481.731732877
oak_cliff_6m_year5_sale_hf25_backend_liquidation,5,0.0,376363.63636363635,376363.63636363635,5331818.181818183,905625.0,4528125.0,1281988.6363636362,9859943.181818184,118292.20737010756,-290211.63636363635,204444.20737010753,-171919.4289935288,75644.35672693979,0.0,75644.35672693979,111937.43974532794,6252479.35053097,6328123.70725791,6607500.343208303,0.6607500343208302,290211.63636363635,118292.20737010756,5407401.160726406
oak_cliff_6m_year5_sale_hf25_backend_liquidation,6,0.0,376363.63636363635,376363.63636363635,5708181.818181819,905625.0,5433750.0,1281988.6363636362,11141931.81818182,134333.7724912108,-260458.3263636363,250239.0824912109,-126124.55387242549,92588.46052174803,0.0,92588.46052174803,204525.90026707598,322401.05397890595,414989.51450065395,7022489.857708957,0.7022489857708957,260458.3263636363,134333.7724912108,5533525.714598831
oak_cliff_6m_year5_sale_hf25_backend_liquidation,7,0.0,376363.63636363635,376363.63636363635,6084545.454545456,905625.0,6339375.0,1281988.6363636362,12423920.454545457,141586.5845659471,-229812.41706363636,288137.80386594706,-88225.83249768926,106610.98743040042,0.0,106610.98743040042,311136.8876974764,5182036.042558119,5288647.029988519,12311136.887697477,1.2311136887697476,229812.41706363636,141586.5845659471,5621751.547096521
oak_cliff_6m_year5_sale_hf25_backend_liquidation_y6,1,3450000.0,376363.63636363635,3826363.6363636362,3826363.6363636362,905625.0,905625.0,4731988.636363637,4731988.636363637,0.0,-4030579.6363636362,-204216.0,-4030579.6363636362,0.0,0.0,0.0,0.0,0.0,0.0,0.0,0.0,4030579.6363636362,0.0,4030579.6363636362
oak_cliff_6m_year5_sale_hf25_backend_liquidation_y6,2,0.0,376363.63636363635,376363.63636363635,4202727.2727272725,905625.0,1811250.0,1281988.6363636362,6013977.272727273,0.0,-507987.63636363635,-131624.0,-507987.63636363635,0.0,0.0,0.0,0.0,0.0,0.0,0.0,0.0,507987.63636363635,0.0,4538567.2727272725
oak_cliff_6m_year5_sale_hf25_backend_liquidation_y6,3,0.0,376363.63636363635,376363.63636363635,4579090.909090909,905625.0,2716875.0,1281988.6363636362,7295965.90909091,16755.400158457494,-435395.63636363635,-42276.59984154254,-418640.23620517884,0.0,0.0,0.0,0.0,40212.960380297984,40212.960380297984,40212.960380297984,0.004021296038029799,435395.63636363635,16755.400158457494,4957207.508932452
oak_cliff_6m_year5_sale_hf25_backend_liquidation_y6,4,0.0,376363.63636363635,376363.63636363635,4955454.545454546,905625.0,3622500.0,1281988.6363636362,8577954.545454547,84529.41356321122,-362803.63636363635,98089.41356321122,-278274.22280042514,36293.08301838815,0.0,36293.08301838815,36293.08301838815,202870.5925517069,239163.67557009507,279376.63595039304,0.027937663595039304,362803.63636363635,84529.41356321122,5235481.731732877
oak_cliff_6m_year5_sale_hf25_backend_liquidation_y6,5,0.0,376363.63636363635,376363.63636363635,5331818.181818183,905625.0,4528125.0,1281988.6363636362,9859943.181818184,118292.20737010756,-290211.63636363635,204444.20737010753,-171919.4289935288,75644.35672693979,0.0,75644.35672693979,111937.43974532794,6252479.35053097,6328123.70725791,6607500.343208303,0.6607500343208302,290211.63636363635,118292.20737010756,5407401.160726406
oak_cliff_6m_year5_sale_hf25_backend_liquidation_y6,6,0.0,376363.63636363635,376363.63636363635,5708181.818181819,905625.0,5433750.0,1281988.6363636362,11141931.81818182,134333.7724912108,-260458.3263636363,250239.0824912109,-126124.55387242549,92588.46052174803,0.0,92588.46052174803,204525.90026707598,322401.05397890595,414989.51450065395,7022489.857708957,0.7022489857708957,260458.3263636363,134333.7724912108,5533525.714598831
oak_cliff_6m_year5_sale_hf25_backend_liquidation_y6,7,0.0,376363.63636363635,376363.63636363635,6084545.454545456,905625.0,6339375.0,1281988.6363636362,12423920.454545457,141586.5845659471,-229812.41706363636,288137.80386594706,-88225.83249768926,106610.98743040042,0.0,106610.98743040042,311136.8876974764,5182036.042558119,5288647.029988519,12311136.887697477,1.2311136887697476,229812.41706363636,141586.5845659471,5621751.547096521
oak_cliff_6m_year5_sale_hf25_backend_liquidation_y5,1,3450000.0,376363.63636363635,3826363.6363636362,3826363.6363636362,905625.0,905625.0,4731988.636363637,4731988.636363637,0.0,-4030579.6363636362,-204216.0,-4030579.6363636362,0.0,0.0,0.0,0.0,0.0,0.0,0.0,0.0,4030579.6363636362,0.0,4030579.6363636362
oak_cliff_6m_year5_sale_hf25_backend_liquidation_y5,2,0.0,376363.63636363635,376363.63636363635,4202727.2727272725,905625.0,1811250.0,1281988.6363636362,6013977.272727273,0.0,-507987.63636363635,-131624.0,-507987.63636363635,0.0,0.0,0.0,0.0,0.0,0.0,0.0,0.0,507987.63636363635,0.0,4538567.2727272725
oak_cliff_6m_year5_sale_hf25_backend_liquidation_y5,3,0.0,376363.63636363635,376363.63636363635,4579090.909090909,905625.0,2716875.0,1281988.6363636362,7295965.90909091,16755.400158457494,-435395.63636363635,-42276.59984154254,-418640.23620517884,0.0,0.0,0.0,0.0,40212.960380297984,40212.960380297984,40212.960380297984,0.004021296038029799,435395.63636363635,16755.400158457494,4957207.508932452
oak_cliff_6m_year5_sale_hf25_backend_liquidation_y5,4,0.0,376363.63636363635,376363.63636363635,4955454.545454546,905625.0,3622500.0,1281988.6363636362,8577954.545454547,84529.41356321122,-362803.63636363635,98089.41356321122,-278274.22280042514,36293.08301838815,0.0,36293.08301838815,36293.08301838815,202870.5925517069,239163.67557009507,279376.63595039304,0.027937663595039304,362803.63636363635,84529.41356321122,5235481.731732877
oak_cliff_6m_year5_sale_hf25_backend_liquidation_y5,5,0.0,376363.63636363635,376363.63636363635,5331818.181818183,905625.0,4528125.0,1281988.6363636362,9859943.181818184,118292.20737010756,-290211.63636363635,204444.20737010753,-171919.4289935288,75644.35672693979,0.0,75644.35672693979,111937.43974532794,6252479.35053097,6328123.70725791,6607500.343208303,0.6607500343208302,290211.63636363635,118292.20737010756,5407401.160726406
oak_cliff_6m_year5_sale_hf25_backend_liquidation_y5,6,0.0,376363.63636363635,376363.63636363635,5708181.818181819,905625.0,5433750.0,1281988.6363636362,11141931.81818182,134333.7724912108,-260458.3263636363,250239.0824912109,-126124.55387242549,92588.46052174803,0.0,92588.46052174803,204525.90026707598,322401.05397890595,414989.51450065395,7022489.857708957,0.7022489857708957,260458.3263636363,134333.7724912108,5533525.714598831
oak_cliff_6m_year5_sale_hf25_backend_liquidation_y5,7,0.0,376363.63636363635,376363.63636363635,6084545.454545456,905625.0,6339375.0,1281988.6363636362,12423920.454545457,141586.5845659471,-229812.41706363636,288137.80386594706,-88225.83249768926,106610.98743040042,0.0,106610.98743040042,311136.8876974764,5182036.042558119,5288647.029988519,12311136.887697477,1.2311136887697476,229812.41706363636,141586.5845659471,5621751.547096521
oak_cliff_6m_year5_sale_hf25_backend_liquidation_100pct,1,3450000.0,376363.63636363635,3826363.6363636362,3826363.6363636362,905625.0,905625.0,4731988.636363637,4731988.636363637,0.0,-4030579.6363636362,-204216.0,-4030579.6363636362,0.0,0.0,0.0,0.0,0.0,0.0,0.0,0.0,4030579.6363636362,0.0,4030579.6363636362
oak_cliff_6m_year5_sale_hf25_backend_liquidation_100pct,2,0.0,376363.63636363635,376363.63636363635,4202727.2727272725,905625.0,1811250.0,1281988.6363636362,6013977.272727273,0.0,-507987.63636363635,-131624.0,-507987.63636363635,0.0,0.0,0.0,0.0,0.0,0.0,0.0,0.0,507987.63636363635,0.0,4538567.2727272725
oak_cliff_6m_year5_sale_hf25_backend_liquidation_100pct,3,0.0,376363.63636363635,376363.63636363635,4579090.909090909,905625.0,2716875.0,1281988.6363636362,7295965.90909091,16755.400158457494,-435395.63636363635,-42276.59984154254,-418640.23620517884,0.0,0.0,0.0,0.0,40212.960380297984,40212.960380297984,40212.960380297984,0.004021296038029799,435395.63636363635,16755.400158457494,4957207.508932452
oak_cliff_6m_year5_sale_hf25_backend_liquidation_100pct,4,0.0,376363.63636363635,376363.63636363635,4955454.545454546,905625.0,3622500.0,1281988.6363636362,8577954.545454547,84529.41356321122,-362803.63636363635,98089.41356321122,-278274.22280042514,36293.08301838815,0.0,36293.08301838815,36293.08301838815,202870.5925517069,239163.67557009507,279376.63595039304,0.027937663595039304,362803.63636363635,84529.41356321122,5235481.731732877
oak_cliff_6m_year5_sale_hf25_backend_liquidation_100pct,5,0.0,376363.63636363635,376363.63636363635,5331818.181818183,905625.0,4528125.0,1281988.6363636362,9859943.181818184,118292.20737010756,-290211.63636363635,204444.20737010753,-171919.4289935288,75644.35672693979,0.0,75644.35672693979,111937.43974532794,6252479.35053097,6328123.70725791,6607500.343208303,0.6607500343208302,290211.63636363635,118292.20737010756,5407401.160726406
oak_cliff_6m_year5_sale_hf25_backend_liquidation_100pct,6,0.0,376363.63636363635,376363.63636363635,5708181.818181819,905625.0,5433750.0,1281988.6363636362,11141931.81818182,134333.7724912108,-260458.3263636363,250239.0824912109,-126124.55387242549,92588.46052174803,0.0,92588.46052174803,204525.90026707598,5504437.096537025,5597025.557058773,12204525.900267076,1.2204525900267076,260458.3263636363,134333.7724912108,5533525.714598831
oak_cliff_downside_no_refi,1,3450000.0,376363.63636363635,3826363.6363636362,3826363.6363636362,905625.0,905625.0,4731988.636363637,4731988.636363637,0.0,-4081988.6363636362,-255625.0,-4081988.6363636362,0.0,0.0,0.0,0.0,0.0,0.0,0.0,0.0,4081988.6363636362,0.0,4081988.6363636362
oak_cliff_downside_no_refi,2,0.0,376363.63636363635,376363.63636363635,4202727.2727272725,905625.0,1811250.0,1281988.6363636362,6013977.272727273,0.0,-569488.6363636364,-193125.0,-569488.6363636364,0.0,0.0,0.0,0.0,0.0,0.0,0.0,0.0,569488.6363636364,0.0,4651477.2727272725
oak_cliff_downside_no_refi,3,0.0,376363.63636363635,376363.63636363635,4579090.909090909,905625.0,2716875.0,1281988.6363636362,7295965.90909091,0.0,-506988.63636363635,-130625.0,-506988.63636363635,0.0,0.0,0.0,0.0,0.0,0.0,0.0,0.0,506988.63636363635,0.0,5158465.909090909
oak_cliff_downside_no_refi,4,0.0,376363.63636363635,376363.63636363635,4955454.545454546,905625.0,3622500.0,1281988.6363636362,8577954.545454547,51608.16356321122,-444488.63636363635,-16516.836436788784,-392880.47280042514,0.0,0.0,0.0,0.0,123859.59255170693,123859.59255170693,123859.59255170693,0.012385959255170692,444488.63636363635,51608.16356321122,5551346.381891334
oak_cliff_downside_no_refi,5,0.0,376363.63636363635,376363.63636363635,5331818.181818183,905625.0,4528125.0,1281988.6363636362,9859943.181818184,91847.95737010756,-381988.63636363635,86222.95737010753,-290140.6789935288,31902.494226939783,0.0,31902.494226939783,31902.494226939783,220435.09768825813,252337.5919151979,376197.18446690484,0.03761971844669049,381988.63636363635,91847.95737010756,5841487.060884863
oak_cliff_downside_no_refi,6,0.0,376363.63636363635,376363.63636363635,5708181.818181819,905625.0,5433750.0,1281988.6363636362,11141931.81818182,108451.19499121078,-363988.63636363635,120826.19499121082,-255537.4413724256,44705.692146748006,0.0,44705.692146748006,76608.18637368779,260282.86797890585,304988.56012565386,681185.7445925587,0.06811857445925587,363988.63636363635,108451.19499121078,6097024.502257289
oak_cliff_downside_no_refi,7,0.0,376363.63636363635,376363.63636363635,6084545.454545456,905625.0,6339375.0,1281988.6363636362,12423920.454545457,112632.52974094711,-345628.63636363635,143367.52974094707,-232996.10662268923,53045.986004150414,0.0,53045.986004150414,129654.1723778382,270318.0713782731,323364.0573824235,1004549.8019749823,0.10045498019749823,345628.63636363635,112632.52974094711,6330020.608879979
